<?xml version="1.0" encoding="utf-8"?>

	<entry name="Beladoth" runicName="1,4" type="Animal" found="Arkadia" health="1530 - 2750" damage="70 - 124" template="mob" resourcesFolder="ogg/images/arkadia/mobs/">
	
		<damageTypes stab="33%" cut="33%" impact="33%"/>
		<!-- types: image, flash, video -->
		<resource thumb="_beladoth.jpg" file="beladoth.jpg" type="image" show="on"/>
		<resource thumb="_beladoth2.jpg" file="beladoth2.jpg" type="image"/>
		<resource thumb="_beladoth3.jpg" file="beladoth3.jpg" type="image"/>
		<dna code="2,1,1,1,2,3,3,0,1,0,0,0,0,1,1,3,1,2,2,0,3,0,3,2,2,1,2,1,1,0,0,1" dnaAperture="120"/>
		<description>
		<![CDATA[Large and frightening with its natural body armour, the Beladoth is a strange creature indeed, and will go out of its way to attack a potential threat.<br><br>It is quite strong and well protected, and is capable of doing serious damage and withstanding quite an array of threats.]]>
		</description>
		<loot>
		<![CDATA[<font size="-3"><font color="#F7CD00">Loot (information is gathered by players and might be incorrect):</font><br>Adaptive Fire Rate Component  <font color="#B62E69">[common, MU 100.34%]<br></font>Advanced Electronic Fluid Memory  <font color="#B62E69">[uncommon, MU 101.86%]<br></font>Advanced Mineral Extractor  <font color="#B62E69">[extremely rare, MU 886.09%]<br></font>Advanced Strategic Combat Processor  <font color="#B62E69">[MU 101.74%]<br></font>Advanced Target Assessment Unit  <font color="#B62E69">[uncommon, MU 299.38%]<br></font>Animal Eye Oil  <font color="#B62E69">[very often, MU 100.77%]<br></font>Animal Heart Oil  <font color="#B62E69">[extremely rare, MU 103.83%]<br></font>Animal Hide  <font color="#B62E69">[common, MU 100.50%]<br></font>Animal Kidney Oil  <font color="#B62E69">[extremely rare, MU 101.98%]<br></font>Animal Liver Oil  <font color="#B62E69">[common, MU 102.21%]<br></font>Animal Oil Residue  <font color="#B62E69">[very often, MU 100.26%]<br></font>Animal Pancreas Oil  <font color="#B62E69">[common, MU 101.68%]<br></font>Animal Thyroid Oil  <font color="#B62E69">[very often, MU 100.58%]<br></font>Aquila Thigh Guards (L)<br>Basic Electronic Fluid Memory  <font color="#B62E69">[uncommon, MU 100.66%]<br></font>Basic Scanning Sensor  <font color="#B62E69">[uncommon, MU 105.62%]<br></font>Basic Stone Extractor  <font color="#B62E69">[uncommon, MU 100.91%]<br></font>Basic Wood Extractor  <font color="#B62E69">[MU 149.17%]<br></font>Beladoth Hide  <font color="#B62E69">[common, MU 102.38%]<br></font>Blazar Fragment  <font color="#B62E69">[uncommon, MU 23397.00%]<br></font>BLP Pack  <font color="#B62E69">[often]<br></font>Diluted Cloth Extractor  <font color="#B62E69">[common, MU 122.60%]<br></font>Empty Skill Implant (L)  <font color="#B62E69">[rare, MU 486.97%]<br></font>Enhanced Metal Extractor  <font color="#B62E69">[uncommon, MU 521.73%]<br></font>Explosive Projectiles  <font color="#B62E69">[often, MU 101.32%]<br></font>Fine Hide  <font color="#B62E69">[uncommon, MU 107.81%]<br></font>Fine Wool  <font color="#B62E69">[common, MU 102.47%]<br></font>GYRO FAP-35 (L)  <font color="#B62E69">[MU 102.39%]<br></font>Hekia Timber  <font color="#B62E69">[common, MU 102.29%]<br></font>Herman CAP-202 Arctic (L)  <font color="#B62E69">[rare, MU 124.58%]<br></font>High Speed Control Component  <font color="#B62E69">[uncommon, MU 100.71%]<br></font>Infrasound Emitter Component  <font color="#B62E69">[MU 105.95%]<br></font>Nova Fragment  <font color="#B62E69">[uncommon, MU 1380.12%]<br></font>Output Amplifier Component  <font color="#B62E69">[uncommon, MU 238.52%]<br></font>Paint Can (Brown)  <font color="#B62E69">[common, MU 100.25%]<br></font>Paint Can (Cornsilk)  <font color="#B62E69">[uncommon, MU 115.07%]<br></font>Paint Can (Dark Blue)  <font color="#B62E69">[rare, MU 105.94%]<br></font>Paint Can (Dark Green)  <font color="#B62E69">[uncommon, MU 329.12%]<br></font>Paint Can (Deep Cadmium)  <font color="#B62E69">[uncommon, MU 100.67%]<br></font>Paint Can (Green)  <font color="#B62E69">[common, MU 100.73%]<br></font>Paint Can (Navy)  <font color="#B62E69">[rare, MU 134.50%]<br></font>Paint Can (Silver)  <font color="#B62E69">[MU 134.62%]<br></font>Paint Can (Violet Cream)  <font color="#B62E69">[common, MU 100.28%]<br></font>Paint Can (Yellow)  <font color="#B62E69">[uncommon, MU 128.72%]<br></font>Pegasus Shin Guards (L)<br>Socket I Component  <font color="#B62E69">[common, MU 100.67%]<br></font>Socket II Component  <font color="#B62E69">[common, MU 100.06%]<br></font>Socket IV Component  <font color="#B62E69">[common, MU 100.18%]<br></font>Socket V Component  <font color="#B62E69">[common, MU 100.22%]<br></font>Soft Hide  <font color="#B62E69">[uncommon, MU 100.95%]<br></font>Super Charger Component  <font color="#B62E69">[common, MU 105.02%]<br></font>Superior Cloth Extractor  <font color="#B62E69">[uncommon, MU 304.08%]<br></font>Surface Toughness Component  <font color="#B62E69">[common, MU 104.73%]<br></font>Thin Wool  <font color="#B62E69">[common, MU 103.54%]<br></font>Tier I Component  <font color="#B62E69">[common, MU 100.03%]<br></font>Tier II Component  <font color="#B62E69">[uncommon, MU 103.65%]<br></font>Tier III Component  <font color="#B62E69">[uncommon, MU 123.00%]<br></font>Tier IV Component  <font color="#B62E69">[uncommon, MU 124.74%]<br></font>Ursa Shin Guards (L)  <font color="#B62E69">[rare]<br></font>Weapon Cells  <font color="#B62E69">[often]<br></font>Wool  <font color="#B62E69">[common, MU 101.27%]<br></font></font>]]>
		</loot>
		
	</entry>
