<?xml version="1.0" encoding="utf-8"?>

	<entry name="Bokol" runicName="3,5" type="Animal" found="Arkadia" health="250 - 880" damage="22 - 55" template="mob" resourcesFolder="ogg/images/arkadia/mobs/">
	
		<damageTypes/>
		<!-- types: image, flash, video -->
		<resource thumb="_bokol.jpg" file="bokol.jpg" type="image" show="on"/>
		<resource thumb="_bokol2.jpg" file="bokol2.jpg" type="image"/>
		<resource thumb="_bokol3.jpg" file="bokol3.jpg" type="image"/>
		<dna code="3,2,1,2,2,1,1,2,2,3,1,1,1,2,1,1,1,0,2,1,1,1,2,2,2,1,0,3,1,3,2,0" dnaAperture="90"/>
		<description>
		<![CDATA[While the Bokol is far from the most dangerous creature found in the vegetated areas of Arkadia, care must nevertheless be taken.<br><br>It is beset with a layer of armour that has probably come about for the dual purpose of both attack and defence.]]>
		</description>	
		<loot>
		<![CDATA[<font size="-3"><font color="#F7CD00">Loot (information is gathered by players and might be incorrect):</font><br>Advanced Mineral Extractor  <font color="#B62E69">[common, MU 886.09%]<br></font>Animal Eye Oil  <font color="#B62E69">[often, MU 100.77%]<br></font>Animal Hide  <font color="#B62E69">[often, MU 100.50%]<br></font>Animal Oil Residue  <font color="#B62E69">[often, MU 100.26%]<br></font>Animal Thyroid Oil  <font color="#B62E69">[common, MU 100.58%]<br></font>Basic Electronic Fluid Memory  <font color="#B62E69">[common, MU 100.66%]<br></font>Basic Target Assessment Unit  <font color="#B62E69">[common, MU 142.67%]<br></font>Basic Wood Extractor  <font color="#B62E69">[often, MU 149.17%]<br></font>Blazar Fragment  <font color="#B62E69">[common, MU 23397.00%]<br></font>Bokol Hide  <font color="#B62E69">[common]<br></font>Canis Arm Guards (L)  <font color="#B62E69">[uncommon, MU 107.14%]<br></font>Empty Skill Implant (L)  <font color="#B62E69">[extremely rare, MU 486.97%]<br></font>Enhanced Metal Extractor  <font color="#B62E69">[common, MU 521.73%]<br></font>Explosive Projectiles  <font color="#B62E69">[MU 101.32%]<br></font>Fine Wool  <font color="#B62E69">[MU 102.47%]<br></font>Herman ARK-30 Arctic (L)  <font color="#B62E69">[extremely rare, MU 119.28%]<br></font>High Definition GUI Component  <font color="#B62E69">[common, MU 100.31%]<br></font>MANTA K-3 (L)  <font color="#B62E69">[rare, MU 100.02%]<br></font>Miluca Timber  <font color="#B62E69">[often, MU 112.30%]<br></font>Nova Fragment  <font color="#B62E69">[common, MU 1380.12%]<br></font>Paint Can (Deep Cadmium)  <font color="#B62E69">[uncommon, MU 100.67%]<br></font>Paint Can (Green)  <font color="#B62E69">[common, MU 100.73%]<br></font>Paint Can (Mauve)  <font color="#B62E69">[common, MU 103.17%]<br></font>Paint Can (Orange)  <font color="#B62E69">[common, MU 103.06%]<br></font>Paint Can (Steel Blue)  <font color="#B62E69">[common, MU 140.02%]<br></font>Paint Can (Turqoise)  <font color="#B62E69">[common, MU 102.89%]<br></font>Paint Can (Umber)  <font color="#B62E69">[common, MU 102.52%]<br></font>Paint Can (Violet Cream)  <font color="#B62E69">[common, MU 100.28%]<br></font>Second-Rate Cloth Extractor  <font color="#B62E69">[common, MU 105.27%]<br></font>Socket I Component  <font color="#B62E69">[often, MU 100.67%]<br></font>Socket II Component  <font color="#B62E69">[often, MU 100.06%]<br></font>Socket III Component  <font color="#B62E69">[MU 100.11%]<br></font>Soft Hide  <font color="#B62E69">[MU 100.95%]<br></font>Superior Cloth Extractor  <font color="#B62E69">[common, MU 304.08%]<br></font>Surface Toughness Component  <font color="#B62E69">[common, MU 104.73%]<br></font>Thin Wool  <font color="#B62E69">[common, MU 103.54%]<br></font>Tier II Component  <font color="#B62E69">[common, MU 103.65%]<br></font>Weapon Cells<br>Wool  <font color="#B62E69">[uncommon, MU 101.27%]<br></font></font>]]>
		</loot>
	</entry>
