<?xml version="1.0" encoding="utf-8"?>

	<entry name="Carabok" runicName="3,5" type="Animal" found="Arkadia" health="10" damage="3" template="mob" resourcesFolder="ogg/images/arkadia/mobs/">
	
		<damageTypes stab="33%" cut="33%" impact="33%"/>
		<!-- types: image, flash, video -->
		<resource thumb="_carabok.jpg" file="carabok.jpg" type="image" show="on"/>
		<resource thumb="_carabok2.jpg" file="carabok2.jpg" type="image"/>
		<resource thumb="_carabok3.jpg" file="carabok3.jpg" type="image"/>
		<dna code="2,0,2,0,1,0,1,2,0,3,2,2,1,3,0,3,2,2,2,0,3,2,1,3,2,1,2,2,2,0,3,0" dnaAperture="90"/>
		<description>
		<![CDATA[The Carabok is little more than a rodent, and incapable of being any danger to even the least experienced of colonists.<br><br>This creature carries a zero threat warning according to the Imperial Federal Navy's advice to new colonists.<br><br>Carabok are found within Training areas of all Firebase Academies and around Celeste Quarry.]]>
		</description>	
		<loot>
		<![CDATA[<font size="-3"><font color="#F7CD00">Loot (information is gathered by players and might be incorrect):</font><br>Advanced Mineral Extractor  <font color="#B62E69">[rare, MU 886.09%]<br></font>Advanced Stone Extractor  <font color="#B62E69">[uncommon, MU 100.38%]<br></font>Animal Eye Oil  <font color="#B62E69">[very often, MU 100.77%]<br></font>Animal Hide  <font color="#B62E69">[common, MU 100.50%]<br></font>Animal Oil Residue  <font color="#B62E69">[very often, MU 100.26%]<br></font>Basic Cloth Extractor  <font color="#B62E69">[common, MU 110.62%]<br></font>Basic Metal Extractor  <font color="#B62E69">[uncommon, MU 229.19%]<br></font>Basic Plastic Extractor  <font color="#B62E69">[uncommon, MU 171.05%]<br></font>Basic Strategic Combat Processor  <font color="#B62E69">[uncommon, MU 108.00%]<br></font>Basic Wood Extractor  <font color="#B62E69">[common, MU 149.17%]<br></font>Blazar Fragment  <font color="#B62E69">[uncommon, MU 23397.00%]<br></font>BLP Pack  <font color="#B62E69">[uncommon]<br></font>Carabok Hide  <font color="#B62E69">[common, MU 181.82%]<br></font>Electronic Stabilizing Component  <font color="#B62E69">[often, MU 100.13%]<br></font>Explosive Projectiles  <font color="#B62E69">[common, MU 101.32%]<br></font>Fine Hide  <font color="#B62E69">[rare, MU 107.81%]<br></font>Fine Wool  <font color="#B62E69">[rare, MU 102.47%]<br></font>Focus Lense Component  <font color="#B62E69">[common, MU 100.21%]<br></font>Inferior Cloth Extractor  <font color="#B62E69">[common, MU 100.90%]<br></font>Nova Fragment  <font color="#B62E69">[very often, MU 1380.12%]<br></font>Paint Can (Blue)  <font color="#B62E69">[uncommon, MU 176.89%]<br></font>Paint Can (Green)  <font color="#B62E69">[uncommon, MU 100.73%]<br></font>Paint Can (Navy)  <font color="#B62E69">[rare, MU 134.50%]<br></font>Socket I Component  <font color="#B62E69">[often, MU 100.67%]<br></font>Socket II Component  <font color="#B62E69">[uncommon, MU 100.06%]<br></font>Soft Hide  <font color="#B62E69">[uncommon, MU 100.95%]<br></font>Superior Cloth Extractor  <font color="#B62E69">[uncommon, MU 304.08%]<br></font>Thin Wool  <font color="#B62E69">[uncommon, MU 103.54%]<br></font>Tier I Component  <font color="#B62E69">[common, MU 100.03%]<br></font>Weapon Cells  <font color="#B62E69">[common]<br></font>Wool  <font color="#B62E69">[often, MU 101.27%]<br></font></font>]]>
		</loot>
	</entry>
