<?xml version="1.0" encoding="utf-8"?>

	<entry name="Feran" runicName="3,5" type="Flying Animal" found="Arkadia" health="40 - 190" damage="14 - 32" template="mob" resourcesFolder="ogg/images/arkadia/mobs/">
	
		<damageTypes stab="33%" cut="33%" impact="33%"/>
		<!-- types: image, flash, video -->
		<resource thumb="_feran.jpg" file="feran.jpg" type="image" show="on"/>
		<resource thumb="_feran2.jpg" file="feran2.jpg" type="image"/>
		<resource thumb="_feran3.jpg" file="feran3.jpg" type="image"/>
		<dna code="2,1,3,1,1,1,2,2,3,3,1,0,1,3,2,2,0,1,2,0,2,2,1,2,1,0,1,1,2,2,1,2" dnaAperture="45"/>
		<description>
		<![CDATA[The Feran appears to have chosen Sentosa on Planet Arkadia for its nesting grounds.<br><br>Often seen in the skies high above the plains, it is unknown what Feran normally feeds upon. However, it is known that they will attack colonists without provocation.<br><br>They may be protecting something as yet unknown, or merely assuming the colonist will make an easy meal.]]>
		</description>	
		<loot>
		<![CDATA[<font size="-3"><font color="#F7CD00">Loot (information is gathered by players and might be incorrect):</font><br>Advanced Stone Extractor  <font color="#B62E69">[common, MU 100.38%]<br></font>Animal Eye Oil  <font color="#B62E69">[often, MU 100.77%]<br></font>Animal Hide  <font color="#B62E69">[common, MU 100.50%]<br></font>Animal Oil Residue  <font color="#B62E69">[very often, MU 100.26%]<br></font>Basic Cloth Extractor  <font color="#B62E69">[common, MU 110.62%]<br></font>Basic Strategic Combat Processor  <font color="#B62E69">[uncommon, MU 108.00%]<br></font>Basic Wood Extractor  <font color="#B62E69">[often, MU 149.17%]<br></font>Blazar Fragment  <font color="#B62E69">[often, MU 23397.00%]<br></font>Corria Timber  <font color="#B62E69">[common, MU 102.16%]<br></font>Corvus Harness (L)  <font color="#B62E69">[uncommon, MU 138.89%]<br></font>Corvus Helmet (L)  <font color="#B62E69">[MU 108.97%]<br></font>Electronic Stabilizing Component  <font color="#B62E69">[common, MU 100.13%]<br></font>Feran Hide  <font color="#B62E69">[often, MU 104.85%]<br></font>GYRO FAP-10 (L)  <font color="#B62E69">[uncommon, MU 118.89%]<br></font>Herman CAP-101 Desert (L)  <font color="#B62E69">[uncommon, MU 100.00%]<br></font>Nova Fragment  <font color="#B62E69">[very often, MU 1380.12%]<br></font>Paint Can (Brown)  <font color="#B62E69">[common, MU 100.25%]<br></font>Paint Can (Green)  <font color="#B62E69">[often, MU 100.73%]<br></font>Paint Can (Navy)  <font color="#B62E69">[common, MU 134.50%]<br></font>Paint Can (Turqoise)  <font color="#B62E69">[MU 102.89%]<br></font>Paint Can (Violet Cream)  <font color="#B62E69">[often, MU 100.28%]<br></font>Socket I Component  <font color="#B62E69">[very often, MU 100.67%]<br></font>Soft Hide  <font color="#B62E69">[common, MU 100.95%]<br></font>Superior Cloth Extractor  <font color="#B62E69">[MU 304.08%]<br></font>Thin Wool  <font color="#B62E69">[common, MU 103.54%]<br></font>Tier I Component  <font color="#B62E69">[common, MU 100.03%]<br></font>Weapon Cells  <font color="#B62E69">[uncommon]<br></font>Wool  <font color="#B62E69">[common, MU 101.27%]<br></font></font>]]>
		</loot>
	</entry>
