<?xml version="1.0" encoding="utf-8"?>

	<entry name="Hadraada" runicName="3,5" type="Animal" found="Arkadia" health="190 - 1220" damage="18 - 48" template="mob" resourcesFolder="ogg/images/arkadia/mobs/">
	
		<damageTypes/>
		<!-- types: image, flash, video -->
		<resource thumb="_hadraada.jpg" file="hadraada.jpg" type="image" show="on"/>
		<resource thumb="_hadraada2.jpg" file="hadraada2.jpg" type="image"/>
		<resource thumb="_hadraada3.jpg" file="hadraada3.jpg" type="image"/>
		<dna code="1,2,3,1,2,1,0,1,1,1,2,1,3,2,1,1,1,0,0,3,1,0,1,2,3,2,3,2,2,1,0,2" dnaAperture="90"/>
		<description>
		<![CDATA[The Hadraada is a creature that appears to have adapted to desert conditions.<br><br>While not overly dangerous, it nevertheless appears to have developed an array of bony protrusions for protective purposes, and won't hesitate to charge anything that gets too close.]]>
		</description>	
		<loot>
		<![CDATA[<font size="-3"><font color="#F7CD00">Loot (information is gathered by players and might be incorrect):</font><br>Animal Adrenal Oil  <font color="#B62E69">[rare, MU 100.44%]<br></font>Animal Eye Oil  <font color="#B62E69">[common, MU 100.77%]<br></font>Animal Hide  <font color="#B62E69">[common, MU 100.50%]<br></font>Animal Oil Residue  <font color="#B62E69">[very often, MU 100.26%]<br></font>Animal Thyroid Oil  <font color="#B62E69">[very often, MU 100.58%]<br></font>Basic Electronic Fluid Memory  <font color="#B62E69">[uncommon, MU 100.66%]<br></font>Basic Metal Extractor  <font color="#B62E69">[common, MU 229.19%]<br></font>Basic Scanning Sensor  <font color="#B62E69">[uncommon, MU 105.62%]<br></font>Blazar Fragment  <font color="#B62E69">[very often, MU 23397.00%]<br></font>BLP Pack  <font color="#B62E69">[common]<br></font>Canis Foot Guards (L)  <font color="#B62E69">[uncommon]<br></font>Corvus Thigh Guards (L)  <font color="#B62E69">[rare, MU 113.10%]<br></font>Electronic Stabilizing Component  <font color="#B62E69">[uncommon, MU 100.13%]<br></font>Empty Skill Implant (L)  <font color="#B62E69">[uncommon, MU 486.97%]<br></font>Enhanced Metal Extractor  <font color="#B62E69">[common, MU 521.73%]<br></font>Explosive Projectiles  <font color="#B62E69">[common, MU 101.32%]<br></font>Fine Hide  <font color="#B62E69">[uncommon, MU 107.81%]<br></font>Fine Wool  <font color="#B62E69">[often, MU 102.47%]<br></font>GYRO FAP-14 Smuggler  <font color="#B62E69">[extremely rare]<br></font>Hadraada Hide  <font color="#B62E69">[often, MU 100.62%]<br></font>Hekia Timber  <font color="#B62E69">[rare, MU 102.29%]<br></font>Herman ASI-30 Desert (L)  <font color="#B62E69">[rare, MU 140.00%]<br></font>Herman CAP-303 (L)  <font color="#B62E69">[rare, MU 123.98%]<br></font>Herman CAP-404 Desert (L)  <font color="#B62E69">[rare, MU 164.86%]<br></font>Herman LAW-303 Jungle (L)  <font color="#B62E69">[rare]<br></font>High Definition GUI Component  <font color="#B62E69">[uncommon, MU 100.31%]<br></font>Light Weapon Cells  <font color="#B62E69">[often]<br></font>Nova Fragment  <font color="#B62E69">[very often, MU 1380.12%]<br></font>Paint Can (Dark Blue)  <font color="#B62E69">[uncommon, MU 105.94%]<br></font>Paint Can (Dark Purple)  <font color="#B62E69">[rare, MU 265.91%]<br></font>Paint Can (Deep Cadmium)  <font color="#B62E69">[uncommon, MU 100.67%]<br></font>Paint Can (Green)  <font color="#B62E69">[common, MU 100.73%]<br></font>Paint Can (Mauve)  <font color="#B62E69">[uncommon, MU 103.17%]<br></font>Paint Can (Navy)  <font color="#B62E69">[uncommon, MU 134.50%]<br></font>Paint Can (Umber)  <font color="#B62E69">[rare, MU 102.52%]<br></font>Paint Can (Violet Cream)  <font color="#B62E69">[common, MU 100.28%]<br></font>Rationalizer Component  <font color="#B62E69">[uncommon, MU 100.73%]<br></font>Socket I Component  <font color="#B62E69">[often, MU 100.67%]<br></font>Socket II Component  <font color="#B62E69">[uncommon, MU 100.06%]<br></font>Socket III Component  <font color="#B62E69">[uncommon, MU 100.11%]<br></font>Surface Toughness Component  <font color="#B62E69">[uncommon, MU 104.73%]<br></font>Thin Wool  <font color="#B62E69">[often, MU 103.54%]<br></font>Tier I Component  <font color="#B62E69">[often, MU 100.03%]<br></font>Tier II Component  <font color="#B62E69">[uncommon, MU 103.65%]<br></font>Tier III Component  <font color="#B62E69">[uncommon, MU 123.00%]<br></font>Weapon Cells  <font color="#B62E69">[common]<br></font>Wool  <font color="#B62E69">[often, MU 101.27%]<br></font></font>]]>
		</loot>
	</entry>
