<?xml version="1.0" encoding="utf-8"?>

	<entry name="Halix" runicName="3,5" type="Animal" found="Arkadia" health="30 - 180" damage="12 - 50" template="mob" resourcesFolder="ogg/images/arkadia/mobs/">
	
		<damageTypes/>
		<!-- types: image, flash, video -->
		<resource thumb="_halix.jpg" file="halix.jpg" type="image" show="on"/>
		<resource thumb="_halix2.jpg" file="halix2.jpg" type="image"/>
		<resource thumb="_halix3.jpg" file="halix3.jpg" type="image"/>
		<dna code="2,1,1,1,2,1,2,1,2,1,2,0,1,2,2,3,2,1,0,2,2,2,1,1,1,2,2,1,0,1,0,0" dnaAperture="90"/>
		<description>
		<![CDATA[The Halix is believed to be some kind of large scavenging rodent, and can have quite a nasty sting in its bite for anything that gets close enough to aggravate it.]]>
		</description>	
		<loot>
		<![CDATA[<font size="-3"><font color="#F7CD00">Loot (information is gathered by players and might be incorrect):</font><br>Advanced Mineral Extractor  <font color="#B62E69">[uncommon, MU 886.09%]<br></font>Animal Eye Oil  <font color="#B62E69">[often, MU 100.77%]<br></font>Animal Hide  <font color="#B62E69">[very often, MU 100.50%]<br></font>Animal Muscle Oil  <font color="#B62E69">[very often, MU 101.38%]<br></font>Animal Oil Residue  <font color="#B62E69">[very often, MU 100.26%]<br></font>Basic Electronic Fluid Memory  <font color="#B62E69">[uncommon, MU 100.66%]<br></font>Basic Gem Extractor  <font color="#B62E69">[MU 164.23%]<br></font>Basic Metal Extractor  <font color="#B62E69">[common, MU 229.19%]<br></font>Basic Stone Extractor  <font color="#B62E69">[uncommon, MU 100.91%]<br></font>Basic Strategic Combat Processor  <font color="#B62E69">[uncommon, MU 108.00%]<br></font>Basic Target Assessment Unit  <font color="#B62E69">[uncommon, MU 142.67%]<br></font>Basic Wood Extractor  <font color="#B62E69">[uncommon, MU 149.17%]<br></font>Blazar Fragment  <font color="#B62E69">[very often, MU 23397.00%]<br></font>BLP Pack  <font color="#B62E69">[very often]<br></font>Electronic Stabilizing Component  <font color="#B62E69">[uncommon, MU 100.13%]<br></font>Explosive Projectiles  <font color="#B62E69">[very often, MU 101.32%]<br></font>Fine Hide  <font color="#B62E69">[uncommon, MU 107.81%]<br></font>Fine Wool  <font color="#B62E69">[uncommon, MU 102.47%]<br></font>GYRO FAP-2 (L)  <font color="#B62E69">[MU 103.75%]<br></font>Halix Hide  <font color="#B62E69">[common, MU 107.62%]<br></font>Herman ARK-10 Arctic (L)  <font color="#B62E69">[rare, MU 111.26%]<br></font>Herman ARK-20 Jungle (L)  <font color="#B62E69">[extremely rare, MU 116.70%]<br></font>Herman CAP-101 Desert (L)  <font color="#B62E69">[rare, MU 100.00%]<br></font>Herman LAW-101 (L)  <font color="#B62E69">[uncommon, MU 133.33%]<br></font>High Speed Control Component  <font color="#B62E69">[often, MU 100.71%]<br></font>Interactive Simplifier Component  <font color="#B62E69">[uncommon, MU 100.43%]<br></font>Light Weapon Cells  <font color="#B62E69">[common]<br></font>MAKO FAL-1 (L)  <font color="#B62E69">[uncommon, MU 104.74%]<br></font>MANTA K-1 (L)  <font color="#B62E69">[MU 103.72%]<br></font>Miluca Timber  <font color="#B62E69">[common, MU 112.30%]<br></font>Nova Fragment  <font color="#B62E69">[very often, MU 1380.12%]<br></font>Paint Can (Dark Purple)  <font color="#B62E69">[often, MU 265.91%]<br></font>Paint Can (Green)  <font color="#B62E69">[common, MU 100.73%]<br></font>Paint Can (Light Green)  <font color="#B62E69">[uncommon, MU 101.62%]<br></font>Paint Can (Navy)  <font color="#B62E69">[common, MU 134.50%]<br></font>Paint Can (Olive)  <font color="#B62E69">[uncommon, MU 218.73%]<br></font>Paint Can (Pink)  <font color="#B62E69">[uncommon, MU 126.37%]<br></font>Paint Can (Violet Cream)  <font color="#B62E69">[common, MU 100.28%]<br></font>Socket I Component  <font color="#B62E69">[often, MU 100.67%]<br></font>Socket II Component  <font color="#B62E69">[common, MU 100.06%]<br></font>Soft Hide  <font color="#B62E69">[uncommon, MU 100.95%]<br></font>Strong Cloth Extractor  <font color="#B62E69">[common, MU 203.85%]<br></font>Superior Cloth Extractor  <font color="#B62E69">[uncommon, MU 304.08%]<br></font>Thin Wool  <font color="#B62E69">[uncommon, MU 103.54%]<br></font>Tier I Component  <font color="#B62E69">[common, MU 100.03%]<br></font>Tier II Component  <font color="#B62E69">[uncommon, MU 103.65%]<br></font>Weak Cloth Extractor  <font color="#B62E69">[common, MU 104.61%]<br></font>Wool  <font color="#B62E69">[common, MU 101.27%]<br></font></font>]]>
		</loot>
	</entry>
