<?xml version="1.0" encoding="utf-8"?>

	<entry name="Huon" runicName="3,5" type="Animal" found="Arkadia" health="1600 - 4600" damage="60 - 140" template="mob" resourcesFolder="ogg/images/arkadia/mobs/">
	
		<damageTypes stab="30%" cut="30%" impact="40%"/>
		<!-- types: image, flash, video -->
		<resource thumb="_huon.jpg" file="huon.jpg" type="image" show="on"/>
		<resource thumb="_huon2.jpg" file="huon2.jpg" type="image"/>
		<resource thumb="_huon3.jpg" file="huon3.jpg" type="image"/>
		<dna code="3,1,1,1,1,1,1,2,2,2,2,2,2,1,1,3,1,2,1,2,0,3,2,2,2,2,1,1,1,2,2,2" dnaAperture="90"/>
		<description>
		<![CDATA[Though far from the largest of Arkadia's creatures, the Huon nevertheless has great strength and a strong hide, and needs to be approached with caution.<br><br>Ideally suited to well vegetated regions, it has to date not been spotted extensively through the continent.]]>
		</description>	
		<loot>
		<![CDATA[<font size="-3"><font color="#F7CD00">Loot (information is gathered by players and might be incorrect):</font><br>Adaptive Fire Rate Component  <font color="#B62E69">[MU 100.34%]<br></font>Advanced Mineral Extractor  <font color="#B62E69">[MU 886.09%]<br></font>Advanced Strategic Combat Processor  <font color="#B62E69">[extremely rare, MU 101.74%]<br></font>Advanced Target Assessment Unit  <font color="#B62E69">[extremely rare, MU 299.38%]<br></font>Advanced Wood Extractor  <font color="#B62E69">[MU 185.79%]<br></font>Animal Adrenal Oil  <font color="#B62E69">[common, MU 100.44%]<br></font>Animal Eye Oil  <font color="#B62E69">[common, MU 100.77%]<br></font>Animal Hide  <font color="#B62E69">[often, MU 100.50%]<br></font>Animal Liver Oil  <font color="#B62E69">[common, MU 102.21%]<br></font>Animal Muscle Oil  <font color="#B62E69">[common, MU 101.38%]<br></font>Animal Oil Residue  <font color="#B62E69">[common, MU 100.26%]<br></font>Animal Pancreas Oil  <font color="#B62E69">[common, MU 101.68%]<br></font>Animal Spleen Oil  <font color="#B62E69">[MU 105.71%]<br></font>Animal Thyroid Oil  <font color="#B62E69">[common, MU 100.58%]<br></font>Basic Scanning Sensor  <font color="#B62E69">[uncommon, MU 105.62%]<br></font>Basic Strategic Combat Processor  <font color="#B62E69">[uncommon, MU 108.00%]<br></font>BLP Pack  <font color="#B62E69">[very often]<br></font>Empty Skill Implant (L)  <font color="#B62E69">[uncommon, MU 486.97%]<br></font>Explosive Projectiles  <font color="#B62E69">[very often, MU 101.32%]<br></font>Fine Wool  <font color="#B62E69">[MU 102.47%]<br></font>Herman CAP-303 (L)  <font color="#B62E69">[MU 123.98%]<br></font>Huon Hide  <font color="#B62E69">[often, MU 99.65%]<br></font>Infrasound Emitter Component  <font color="#B62E69">[MU 105.95%]<br></font>Light Weapon Cells  <font color="#B62E69">[very often]<br></font>Miluca Timber  <font color="#B62E69">[common, MU 112.30%]<br></font>Output Amplifier Component  <font color="#B62E69">[uncommon, MU 238.52%]<br></font>Paint Can (Burgundy)  <font color="#B62E69">[MU 129.45%]<br></font>Paint Can (Crimson)  <font color="#B62E69">[rare, MU 105.92%]<br></font>Paint Can (Green)  <font color="#B62E69">[common, MU 100.73%]<br></font>Paint Can (Olive)  <font color="#B62E69">[uncommon, MU 218.73%]<br></font>Paint Can (Pink)  <font color="#B62E69">[uncommon, MU 126.37%]<br></font>Paint Can (Umber)  <font color="#B62E69">[uncommon, MU 102.52%]<br></font>Paint Can (Violet Cream)  <font color="#B62E69">[common, MU 100.28%]<br></font>Rationalizer Component  <font color="#B62E69">[common, MU 100.73%]<br></font>Socket I Component  <font color="#B62E69">[common, MU 100.67%]<br></font>Socket II Component  <font color="#B62E69">[common, MU 100.06%]<br></font>Socket III Component  <font color="#B62E69">[common, MU 100.11%]<br></font>Socket IV Component  <font color="#B62E69">[common, MU 100.18%]<br></font>Socket V Component  <font color="#B62E69">[MU 100.22%]<br></font>Socket VI Component  <font color="#B62E69">[MU 100.56%]<br></font>Super Charger Component  <font color="#B62E69">[common, MU 105.02%]<br></font>Surface Hardener Component  <font color="#B62E69">[MU 100.49%]<br></font>Surface Toughness Component  <font color="#B62E69">[common, MU 104.73%]<br></font>Thin Wool  <font color="#B62E69">[common, MU 103.54%]<br></font>Tier I Component  <font color="#B62E69">[common, MU 100.03%]<br></font>Tier III Component  <font color="#B62E69">[uncommon, MU 123.00%]<br></font>Tier IV Component  <font color="#B62E69">[common, MU 124.74%]<br></font>Tier V Component  <font color="#B62E69">[MU 124.89%]<br></font>Ursa Harness (L)  <font color="#B62E69">[rare, MU 120.83%]<br></font>Weak Cloth Extractor  <font color="#B62E69">[common, MU 104.61%]<br></font>Wool  <font color="#B62E69">[often, MU 101.27%]<br></font></font>]]>
		</loot>
	</entry>
