<?xml version="1.0" encoding="utf-8"?>

	<entry name="Jori" runicName="3,5" type="Marine Animal" found="Arkadia" health="20 - 130" damage="10 - 38" template="mob" resourcesFolder="ogg/images/arkadia/mobs/">
	
		<damageTypes/>
		<!-- types: image, flash, video -->
		<resource thumb="_jori.jpg" file="jori.jpg" type="image" show="on"/>
		<resource thumb="_jori2.jpg" file="jori2.jpg" type="image"/>
		<resource thumb="_jori3.jpg" file="jori3.jpg" type="image"/>
		<dna code="3,2,3,2,0,2,1,2,0,1,2,2,1,2,0,1,1,2,2,2,3,1,2,2,1,1,1,1,2,0,1,1" dnaAperture="30"/>
		<description>
		<![CDATA[The Jori was the first native creature discovered by colonists on Planet Arkadia.<br><br>Rich marine plant life suggests that much more marine life remains to be explored in Arkadia's ocean and river systems.]]>
		</description>	
		<loot>
		<![CDATA[<font size="-3"><font color="#F7CD00">Loot (information is gathered by players and might be incorrect):</font><br>Advanced Cloth Extractor  <font color="#B62E69">[MU 121.91%]<br></font>Advanced Mineral Extractor  <font color="#B62E69">[uncommon, MU 886.09%]<br></font>Animal Eye Oil  <font color="#B62E69">[common, MU 100.77%]<br></font>Animal Hide  <font color="#B62E69">[very often, MU 100.50%]<br></font>Animal Muscle Oil  <font color="#B62E69">[very often, MU 101.38%]<br></font>Animal Oil Residue  <font color="#B62E69">[MU 100.26%]<br></font>Arkace Timber  <font color="#B62E69">[often, MU 103.68%]<br></font>Basic Gem Extractor  <font color="#B62E69">[MU 164.23%]<br></font>Basic Mineral Extractor  <font color="#B62E69">[uncommon, MU 399.44%]<br></font>Basic Stone Extractor  <font color="#B62E69">[often, MU 100.91%]<br></font>Basic Strategic Combat Processor  <font color="#B62E69">[MU 108.00%]<br></font>Basic Target Assessment Unit  <font color="#B62E69">[common, MU 142.67%]<br></font>Basic Wood Extractor  <font color="#B62E69">[uncommon, MU 149.17%]<br></font>Blazar Fragment  <font color="#B62E69">[common, MU 23397.00%]<br></font>BLP Pack  <font color="#B62E69">[very often]<br></font>Electronic Stabilizing Component  <font color="#B62E69">[common, MU 100.13%]<br></font>Fine Wool  <font color="#B62E69">[uncommon, MU 102.47%]<br></font>Focus Lense Component  <font color="#B62E69">[common, MU 100.21%]<br></font>GYRO FAP-2 (L)  <font color="#B62E69">[MU 103.75%]<br></font>Herman ASI-10 (L)  <font color="#B62E69">[uncommon, MU 120.00%]<br></font>Herman LAW-101 (L)  <font color="#B62E69">[often, MU 133.33%]<br></font>High Speed Control Component  <font color="#B62E69">[uncommon, MU 100.71%]<br></font>Jori Hide  <font color="#B62E69">[often]<br></font>Light Weapon Cells  <font color="#B62E69">[very often]<br></font>MAKO FAL-1 (L)  <font color="#B62E69">[uncommon, MU 104.74%]<br></font>MANTA K-3 (L)  <font color="#B62E69">[MU 100.02%]<br></font>Nova Fragment  <font color="#B62E69">[often, MU 1380.12%]<br></font>Paint Can (Brown)  <font color="#B62E69">[MU 100.25%]<br></font>Paint Can (Dark Steel Blue)  <font color="#B62E69">[uncommon, MU 473.49%]<br></font>Paint Can (Green)  <font color="#B62E69">[often, MU 100.73%]<br></font>Paint Can (Olive)  <font color="#B62E69">[uncommon, MU 218.73%]<br></font>Paint Can (Purple)  <font color="#B62E69">[uncommon, MU 110.05%]<br></font>Paint Can (Steel Blue)  <font color="#B62E69">[MU 140.02%]<br></font>Paint Can (Turqoise)  <font color="#B62E69">[uncommon, MU 102.89%]<br></font>Socket I Component  <font color="#B62E69">[common, MU 100.67%]<br></font>Soft Hide  <font color="#B62E69">[common, MU 100.95%]<br></font>Superior Cloth Extractor  <font color="#B62E69">[MU 304.08%]<br></font>Surface Hardener Component  <font color="#B62E69">[uncommon, MU 100.49%]<br></font>Thin Wool  <font color="#B62E69">[uncommon, MU 103.54%]<br></font>Tier I Component  <font color="#B62E69">[uncommon, MU 100.03%]<br></font>Weak Cloth Extractor  <font color="#B62E69">[MU 104.61%]<br></font>Weapon Cells  <font color="#B62E69">[common]<br></font>Wool  <font color="#B62E69">[uncommon, MU 101.27%]<br></font></font>]]>
		</loot>
	</entry>
