<?xml version="1.0" encoding="utf-8"?>

	<entry name="Kadra" runicName="3,5" type="Animal" found="Arkadia" health="1100 - 2300" damage="67 - ??" template="mob" resourcesFolder="ogg/images/arkadia/mobs/">
	
		<damageTypes/>
		<!-- types: image, flash, video -->
		<resource thumb="_kadra.jpg" file="kadra.jpg" type="image" show="on"/>
		<resource thumb="_kadra2.jpg" file="kadra2.jpg" type="image"/>
		<resource thumb="_kadra3.jpg" file="kadra3.jpg" type="image"/>
		<dna code="3,3,2,0,2,1,1,3,2,1,1,2,2,3,0,2,0,1,1,2,2,1,2,3,1,0,1,2,2,1,2,0" dnaAperture="90"/>
		<description>
		<![CDATA[The Kadra may be easily hidden in its environment, but once it spots its intended prey, it will strike hard and fast, making it one of the more dangerous creatures that has been discovered on Arkadia.<br><br>Its speed is such that a colonist on foot has little choice when set upon but to stand and fight.]]>
		</description>	
		<loot>
		<![CDATA[<font size="-3"><font color="#F7CD00">Loot (information is gathered by players and might be incorrect):</font><br>Adaptive Fire Rate Component  <font color="#B62E69">[uncommon, MU 100.34%]<br></font>Advanced Cloth Extractor  <font color="#B62E69">[uncommon, MU 121.91%]<br></font>Advanced Electronic Fluid Memory  <font color="#B62E69">[uncommon, MU 101.86%]<br></font>Advanced Scanning Sensor  <font color="#B62E69">[common, MU 131.12%]<br></font>Advanced Target Assessment Unit  <font color="#B62E69">[common, MU 299.38%]<br></font>Animal Adrenal Oil  <font color="#B62E69">[often, MU 100.44%]<br></font>Animal Eye Oil  <font color="#B62E69">[common, MU 100.77%]<br></font>Animal Hide  <font color="#B62E69">[common, MU 100.50%]<br></font>Animal Liver Oil  <font color="#B62E69">[common, MU 102.21%]<br></font>Animal Oil Residue  <font color="#B62E69">[common, MU 100.26%]<br></font>Animal Pancreas Oil  <font color="#B62E69">[common, MU 101.68%]<br></font>Animal Thyroid Oil  <font color="#B62E69">[common, MU 100.58%]<br></font>Arkace Timber  <font color="#B62E69">[common, MU 103.68%]<br></font>Basic Leather Extractor  <font color="#B62E69">[uncommon, MU 106.23%]<br></font>Basic Wood Extractor  <font color="#B62E69">[uncommon, MU 149.17%]<br></font>BLP Pack  <font color="#B62E69">[very often]<br></font>Diluted Mineral Extractor  <font color="#B62E69">[uncommon, MU 616.18%]<br></font>Enhanced Mineral Extractor  <font color="#B62E69">[uncommon, MU 541.92%]<br></font>Explosive Projectiles  <font color="#B62E69">[common, MU 101.32%]<br></font>Fine Wool  <font color="#B62E69">[common, MU 102.47%]<br></font>Herman ASI-40 Desert (L)  <font color="#B62E69">[uncommon, MU 150.29%]<br></font>Herman CAP-202 (L)  <font color="#B62E69">[uncommon, MU 112.93%]<br></font>High Definition GUI Component  <font color="#B62E69">[uncommon, MU 100.31%]<br></font>Hydra Arm Guards (L)  <font color="#B62E69">[uncommon]<br></font>Inferior Cloth Extractor  <font color="#B62E69">[common, MU 100.90%]<br></font>Infrasound Emitter Component  <font color="#B62E69">[common, MU 105.95%]<br></font>Kadra Hide  <font color="#B62E69">[common, MU 102.04%]<br></font>Light Weapon Cells  <font color="#B62E69">[very often]<br></font>Output Amplifier Component  <font color="#B62E69">[uncommon, MU 238.52%]<br></font>Paint Can (Burnt Umber)  <font color="#B62E69">[uncommon, MU 102.25%]<br></font>Paint Can (Dark Lavender)  <font color="#B62E69">[uncommon, MU 165.37%]<br></font>Paint Can (Green)  <font color="#B62E69">[common, MU 100.73%]<br></font>Paint Can (Orange)  <font color="#B62E69">[often, MU 103.06%]<br></font>Paint Can (Silver)  <font color="#B62E69">[uncommon, MU 134.62%]<br></font>Paint Can (Steel Blue)  <font color="#B62E69">[uncommon, MU 140.02%]<br></font>Paint Can (Turqoise)  <font color="#B62E69">[uncommon, MU 102.89%]<br></font>Paint Can (Violet Cream)  <font color="#B62E69">[common, MU 100.28%]<br></font>Paint Can (White)  <font color="#B62E69">[MU 151.30%]<br></font>Pegasus Helmet (L)  <font color="#B62E69">[uncommon]<br></font>Socket I Component  <font color="#B62E69">[common, MU 100.67%]<br></font>Socket II Component  <font color="#B62E69">[common, MU 100.06%]<br></font>Socket IV Component  <font color="#B62E69">[uncommon, MU 100.18%]<br></font>Socket V Component  <font color="#B62E69">[common, MU 100.22%]<br></font>Soft Hide  <font color="#B62E69">[uncommon, MU 100.95%]<br></font>Super Charger Component  <font color="#B62E69">[uncommon, MU 105.02%]<br></font>Surface Toughness Component  <font color="#B62E69">[common, MU 104.73%]<br></font>Thin Wool  <font color="#B62E69">[common, MU 103.54%]<br></font>Tier I Component  <font color="#B62E69">[common, MU 100.03%]<br></font>Tier III Component  <font color="#B62E69">[common, MU 123.00%]<br></font>Tier IV Component  <font color="#B62E69">[uncommon, MU 124.74%]<br></font>Tier V Component  <font color="#B62E69">[uncommon, MU 124.89%]<br></font>Weapon Cells  <font color="#B62E69">[very often]<br></font>Wool  <font color="#B62E69">[common, MU 101.27%]<br></font></font>]]>
		</loot>
	</entry>
