<?xml version="1.0" encoding="utf-8"?>

	<entry name="Kamaldon" runicName="3,5" type="Animal" found="Arkadia" health="2300 - 6200" damage="?? - ??" template="mob" resourcesFolder="ogg/images/arkadia/mobs/">
	
		<damageTypes stab="33%" cut="33%" impact="33%"/>
		<!-- types: image, flash, video -->
		<resource thumb="_kamaldon.jpg" file="kamaldon.jpg" type="image" show="on"/>
		<resource thumb="_kamaldon2.jpg" file="kamaldon2.jpg" type="image"/>
		<resource thumb="_kamaldon3.jpg" file="kamaldon3.jpg" type="image"/>
		<dna code="1,2,3,1,2,2,1,2,2,1,2,1,1,2,0,0,1,2,2,2,2,1,3,1,2,2,2,2,1,0,2,1" dnaAperture="90"/>
		<description>
		<![CDATA[One of the most dangerous creatures discovered in the first few months after Liberation Fleet landed, the Kamaldon seems well adapted to desert conditions.<br><br>It appears to have developed several proctective features in addition to its thick hide, possibly for defence against other unknown threats.<br><br>The Kamaldon generally seems to mind its own business as long as you don't get too close, but once aggravated it is formidable.]]>
		</description>	
		<loot>
		<![CDATA[<font size="-3"><font color="#F7CD00">Loot (information is gathered by players and might be incorrect):</font><br>Adaptive Fire Rate Component  <font color="#B62E69">[MU 100.34%]<br></font>Advanced Strategic Combat Processor  <font color="#B62E69">[rare, MU 101.74%]<br></font>Advanced Target Assessment Unit  <font color="#B62E69">[rare, MU 299.38%]<br></font>Animal Eye Oil  <font color="#B62E69">[MU 100.77%]<br></font>Animal Hide  <font color="#B62E69">[MU 100.50%]<br></font>Animal Liver Oil  <font color="#B62E69">[MU 102.21%]<br></font>Animal Muscle Oil  <font color="#B62E69">[common, MU 101.38%]<br></font>Animal Oil Residue  <font color="#B62E69">[often, MU 100.26%]<br></font>Animal Pancreas Oil  <font color="#B62E69">[MU 101.68%]<br></font>Animal Thyroid Oil  <font color="#B62E69">[common, MU 100.58%]<br></font>Basic Scanning Sensor  <font color="#B62E69">[rare, MU 105.62%]<br></font>Empty Skill Implant (L)  <font color="#B62E69">[rare, MU 486.97%]<br></font>Enhanced Metal Extractor  <font color="#B62E69">[MU 521.73%]<br></font>Fine Wool  <font color="#B62E69">[uncommon, MU 102.47%]<br></font>Herman CAP-202 Desert (L)  <font color="#B62E69">[MU 118.71%]<br></font>Herman CAP-202 Smuggler  <font color="#B62E69">[MU 7499.00PED]<br></font>Infrasound Emitter Component  <font color="#B62E69">[MU 105.95%]<br></font>Kamaldon Hide  <font color="#B62E69">[uncommon]<br></font>Miluca Timber  <font color="#B62E69">[MU 112.30%]<br></font>Nova Fragment  <font color="#B62E69">[MU 1380.12%]<br></font>Output Amplifier Component  <font color="#B62E69">[common, MU 238.52%]<br></font>Paint Can (Deep Cadmium)  <font color="#B62E69">[common, MU 100.67%]<br></font>Paint Can (Violet Cream)  <font color="#B62E69">[MU 100.28%]<br></font>Socket I Component  <font color="#B62E69">[MU 100.67%]<br></font>Socket II Component  <font color="#B62E69">[MU 100.06%]<br></font>Socket IV Component  <font color="#B62E69">[MU 100.18%]<br></font>Socket V Component  <font color="#B62E69">[uncommon, MU 100.22%]<br></font>Soft Hide  <font color="#B62E69">[common, MU 100.95%]<br></font>Super Charger Component  <font color="#B62E69">[MU 105.02%]<br></font>Surface Toughness Component  <font color="#B62E69">[MU 104.73%]<br></font>Thin Wool  <font color="#B62E69">[MU 103.54%]<br></font>Tier I Component  <font color="#B62E69">[MU 100.03%]<br></font>Tier IV Component  <font color="#B62E69">[MU 124.74%]<br></font>Weapon Cells  <font color="#B62E69">[often]<br></font>Wool  <font color="#B62E69">[MU 101.27%]<br></font></font>]]>
		</loot>
	</entry>
