<?xml version="1.0" encoding="utf-8"?>

	<entry name="Kiana" runicName="3,5" type="Animal" found="Arkadia" health="780 - 2000" damage="50 - 100" template="mob" resourcesFolder="ogg/images/arkadia/mobs/">
	
		<damageTypes stab="33%" cut="33%" impact="33%"/>
		<!-- types: image, flash, video -->
		<resource thumb="_kiana.jpg" file="kiana.jpg" type="image" show="on"/>
		<resource thumb="_kiana2.jpg" file="kiana2.jpg" type="image"/>
		<resource thumb="_kiana3.jpg" file="kiana3.jpg" type="image"/>
		<dna code="2,1,0,2,3,2,1,2,1,1,1,0,2,2,1,3,0,3,3,2,0,2,2,1,0,2,1,0,2,2,1,0" dnaAperture="90"/>
		<description>
		<![CDATA[The Kiana is lean and built for speed.<br>Clearly the product of generations of survival in the harsh desert environment, it will waste no time in covering the distance across the plains to set upon you viciously and swiftly, primarly doing damage with its razor sharp claws.]]>
		</description>	
		<loot>
		<![CDATA[<font size="-3"><font color="#F7CD00">Loot (information is gathered by players and might be incorrect):</font><br>Adaptive Fire Rate Component  <font color="#B62E69">[common, MU 100.34%]<br></font>Advanced Leather Extractor  <font color="#B62E69">[uncommon, MU 103.94%]<br></font>Advanced Mineral Extractor  <font color="#B62E69">[uncommon, MU 886.09%]<br></font>Advanced Strategic Combat Processor  <font color="#B62E69">[uncommon, MU 101.74%]<br></font>Advanced Target Assessment Unit  <font color="#B62E69">[common, MU 299.38%]<br></font>Advanced Wood Extractor  <font color="#B62E69">[uncommon, MU 185.79%]<br></font>Animal Adrenal Oil  <font color="#B62E69">[common, MU 100.44%]<br></font>Animal Eye Oil  <font color="#B62E69">[often, MU 100.77%]<br></font>Animal Hide  <font color="#B62E69">[very often, MU 100.50%]<br></font>Animal Liver Oil  <font color="#B62E69">[uncommon, MU 102.21%]<br></font>Animal Muscle Oil  <font color="#B62E69">[often, MU 101.38%]<br></font>Animal Oil Residue  <font color="#B62E69">[often, MU 100.26%]<br></font>Animal Pancreas Oil  <font color="#B62E69">[uncommon, MU 101.68%]<br></font>Animal Thyroid Oil  <font color="#B62E69">[common, MU 100.58%]<br></font>Basic Metal Extractor  <font color="#B62E69">[rare, MU 229.19%]<br></font>Basic Scanning Sensor  <font color="#B62E69">[uncommon, MU 105.62%]<br></font>Basic Wood Extractor  <font color="#B62E69">[rare, MU 149.17%]<br></font>Blazar Fragment  <font color="#B62E69">[uncommon, MU 23397.00%]<br></font>BLP Pack  <font color="#B62E69">[often]<br></font>Corria Timber  <font color="#B62E69">[often, MU 102.16%]<br></font>Empty Skill Implant (L)  <font color="#B62E69">[extremely rare, MU 486.97%]<br></font>Enhanced Metal Extractor  <font color="#B62E69">[extremely rare, MU 521.73%]<br></font>Enhanced Target Assessment Unit  <font color="#B62E69">[extremely rare, MU 157.25%]<br></font>Explosive Projectiles  <font color="#B62E69">[common, MU 101.32%]<br></font>Fine Hide  <font color="#B62E69">[uncommon, MU 107.81%]<br></font>Fine Wool  <font color="#B62E69">[uncommon, MU 102.47%]<br></font>GYRO FAP-22 (L)  <font color="#B62E69">[uncommon, MU 110.00%]<br></font>Herman ASI-40 Desert (L)  <font color="#B62E69">[MU 150.29%]<br></font>Herman ASI-40 Jungle (L)  <font color="#B62E69">[uncommon, MU 148.89%]<br></font>Herman LAW-404 Desert (L)  <font color="#B62E69">[uncommon]<br></font>Herman LAW-404 Jungle (L)  <font color="#B62E69">[common]<br></font>Hydra Gloves (L)  <font color="#B62E69">[uncommon, MU 106.25%]<br></font>Infrasound Emitter Component  <font color="#B62E69">[uncommon, MU 105.95%]<br></font>Kiana Hide  <font color="#B62E69">[very often, MU 103.82%]<br></font>Lupus Helmet (L)  <font color="#B62E69">[MU 103.94%]<br></font>MAKO Lightning 2 (L)<br>MANTA Flame 2 (L)<br>Nova Fragment  <font color="#B62E69">[uncommon, MU 1380.12%]<br></font>Output Amplifier Component  <font color="#B62E69">[uncommon, MU 238.52%]<br></font>Paint Can (Burgundy)  <font color="#B62E69">[uncommon, MU 129.45%]<br></font>Paint Can (Cornsilk)  <font color="#B62E69">[rare, MU 115.07%]<br></font>Paint Can (Dark Blue)  <font color="#B62E69">[uncommon, MU 105.94%]<br></font>Paint Can (Dark Lavender)  <font color="#B62E69">[rare, MU 165.37%]<br></font>Paint Can (Dark Purple)  <font color="#B62E69">[rare, MU 265.91%]<br></font>Paint Can (Green)  <font color="#B62E69">[very often, MU 100.73%]<br></font>Paint Can (Navy)  <font color="#B62E69">[uncommon, MU 134.50%]<br></font>Paint Can (Purple)  <font color="#B62E69">[uncommon, MU 110.05%]<br></font>Paint Can (Silver)  <font color="#B62E69">[rare, MU 134.62%]<br></font>Paint Can (Umber)  <font color="#B62E69">[uncommon, MU 102.52%]<br></font>Paint Can (Violet Cream)  <font color="#B62E69">[often, MU 100.28%]<br></font>Socket I Component  <font color="#B62E69">[often, MU 100.67%]<br></font>Socket II Component  <font color="#B62E69">[common, MU 100.06%]<br></font>Socket III Component  <font color="#B62E69">[uncommon, MU 100.11%]<br></font>Socket IV Component  <font color="#B62E69">[uncommon, MU 100.18%]<br></font>Socket V Component  <font color="#B62E69">[uncommon, MU 100.22%]<br></font>Soft Hide  <font color="#B62E69">[uncommon, MU 100.95%]<br></font>Super Charger Component  <font color="#B62E69">[uncommon, MU 105.02%]<br></font>Superior Cloth Extractor  <font color="#B62E69">[rare, MU 304.08%]<br></font>Surface Hardener Component  <font color="#B62E69">[uncommon, MU 100.49%]<br></font>Surface Toughness Component  <font color="#B62E69">[common, MU 104.73%]<br></font>Thin Wool  <font color="#B62E69">[common, MU 103.54%]<br></font>Tier I Component  <font color="#B62E69">[uncommon, MU 100.03%]<br></font>Tier III Component  <font color="#B62E69">[uncommon, MU 123.00%]<br></font>Tier IV Component  <font color="#B62E69">[uncommon, MU 124.74%]<br></font>Tier V Component  <font color="#B62E69">[uncommon, MU 124.89%]<br></font>Weak Cloth Extractor  <font color="#B62E69">[uncommon, MU 104.61%]<br></font>Weapon Cells  <font color="#B62E69">[very often]<br></font>Wool  <font color="#B62E69">[common, MU 101.27%]<br></font></font>]]>
		</loot>
	</entry>
