<?xml version="1.0" encoding="utf-8"?>

	<entry name="Korwil" runicName="3,5" type="Animal" found="Arkadia" health="1800 - 2650" damage="100 - 208" template="mob" resourcesFolder="ogg/images/arkadia/mobs/">
	
		<damageTypes/>
		<!-- types: image, flash, video -->
		<resource thumb="_korwil.jpg" file="korwil.jpg" type="image" show="on"/>
		<resource thumb="_korwil2.jpg" file="korwil2.jpg" type="image"/>
		<resource thumb="_korwil3.jpg" file="korwil3.jpg" type="image"/>
		<dna code="0,1,2,1,2,1,3,1,1,1,1,2,2,1,2,2,1,3,1,0,2,3,1,2,2,1,1,2,1,1,0,3" dnaAperture="90"/>
		<description>
		<![CDATA[Blending in with its natural snow covered environment extremely well, a Korwil is difficult to spot and can cover vast distances in the blink of an eye.<br><br>Its attack is voracious with freezing cold claws and lightning fast movements.<br><br>The effect of incredible speed and ferocity made the Korwil one of the creatures most feared by the first humans to set foot on Arkadia.]]>
		</description>
		<loot>
		<![CDATA[<font size="-3"><font color="#F7CD00">Loot (information is gathered by players and might be incorrect):</font><br>Animal Kidney Oil  <font color="#B62E69">[MU 101.98%]<br></font>Animal Pancreas Oil  <font color="#B62E69">[MU 101.68%]<br></font>GYRO FAP-40 (L)<br>Herman CAP-404 Arctic (L)  <font color="#B62E69">[extremely rare, MU 141.43%]<br></font>Korwil Hide  <font color="#B62E69">[often]<br></font>Paint Can (Green)  <font color="#B62E69">[MU 100.73%]<br></font>Soft Hide  <font color="#B62E69">[MU 100.95%]<br></font>Thin Wool  <font color="#B62E69">[MU 103.54%]<br></font></font>]]>
		</loot>
	</entry>