<?xml version="1.0" encoding="utf-8"?>

	<entry name="Madana" runicName="3,5" type="Animal" found="Arkadia" health="420 - 1820" damage="?? - ??" template="mob" resourcesFolder="ogg/images/arkadia/mobs/">
	
		<damageTypes/>
		<!-- types: image, flash, video -->
		<resource thumb="_madana.jpg" file="madana.jpg" type="image" show="on"/>
		<resource thumb="_madana2.jpg" file="madana2.jpg" type="image"/>
		<resource thumb="_madana3.jpg" file="madana3.jpg" type="image"/>
		<dna code="2,1,1,2,0,2,2,3,1,1,0,0,3,0,2,1,2,1,3,3,3,2,2,0,1,0,1,1,2,0,0,3" dnaAperture="90"/>
		<description>
		<![CDATA[Though of medium size, the Madana appears to be a scavenger.<br><br>Wandering freely while foraging, it is quick and can do a surprising amount of damage to its environment and creatures.<br><br>It seems to have a subtance in its saliva that eats away at flesh, making it more of a threat than the chance of a mere nasty bite.]]>
		</description>	
		<loot>
		<![CDATA[<font size="-3"><font color="#F7CD00">Loot (information is gathered by players and might be incorrect):</font><br>Adaptive Fire Rate Component  <font color="#B62E69">[uncommon, MU 100.34%]<br></font>Advanced Stone Extractor  <font color="#B62E69">[uncommon, MU 100.38%]<br></font>Animal Adrenal Oil  <font color="#B62E69">[common, MU 100.44%]<br></font>Animal Eye Oil  <font color="#B62E69">[common, MU 100.77%]<br></font>Animal Hide  <font color="#B62E69">[common, MU 100.50%]<br></font>Animal Oil Residue  <font color="#B62E69">[often, MU 100.26%]<br></font>Animal Pancreas Oil  <font color="#B62E69">[uncommon, MU 101.68%]<br></font>Animal Thyroid Oil  <font color="#B62E69">[often, MU 100.58%]<br></font>Arkace Timber  <font color="#B62E69">[common, MU 103.68%]<br></font>Basic Electronic Fluid Memory  <font color="#B62E69">[MU 100.66%]<br></font>Basic Scanning Sensor  <font color="#B62E69">[uncommon, MU 105.62%]<br></font>Blazar Fragment  <font color="#B62E69">[uncommon, MU 23397.00%]<br></font>BLP Pack  <font color="#B62E69">[very often]<br></font>Canis Gloves (L)  <font color="#B62E69">[uncommon, MU 101.39%]<br></font>Canis Harness (L)  <font color="#B62E69">[MU 101.12%]<br></font>Explosive Projectiles  <font color="#B62E69">[often, MU 101.32%]<br></font>High Definition GUI Component  <font color="#B62E69">[uncommon, MU 100.31%]<br></font>Madana Hide  <font color="#B62E69">[common, MU 104.17%]<br></font>MANTA K-3 (L)  <font color="#B62E69">[MU 100.02%]<br></font>Nova Fragment  <font color="#B62E69">[uncommon, MU 1380.12%]<br></font>Paint Can (Blue)  <font color="#B62E69">[uncommon, MU 176.89%]<br></font>Paint Can (Brown)  <font color="#B62E69">[common, MU 100.25%]<br></font>Paint Can (Burgundy)  <font color="#B62E69">[uncommon, MU 129.45%]<br></font>Paint Can (Dark Blue)  <font color="#B62E69">[uncommon, MU 105.94%]<br></font>Paint Can (Deep Cadmium)  <font color="#B62E69">[MU 100.67%]<br></font>Paint Can (Green)  <font color="#B62E69">[often, MU 100.73%]<br></font>Paint Can (Violet Cream)  <font color="#B62E69">[common, MU 100.28%]<br></font>Rationalizer Component  <font color="#B62E69">[uncommon, MU 100.73%]<br></font>Socket I Component  <font color="#B62E69">[often, MU 100.67%]<br></font>Socket II Component  <font color="#B62E69">[often, MU 100.06%]<br></font>Socket III Component  <font color="#B62E69">[common, MU 100.11%]<br></font>Socket IV Component  <font color="#B62E69">[common, MU 100.18%]<br></font>Soft Hide  <font color="#B62E69">[uncommon, MU 100.95%]<br></font>Thin Wool  <font color="#B62E69">[common, MU 103.54%]<br></font>Tier II Component  <font color="#B62E69">[uncommon, MU 103.65%]<br></font>Tier III Component  <font color="#B62E69">[uncommon, MU 123.00%]<br></font>Weapon Cells  <font color="#B62E69">[very often]<br></font>Wool  <font color="#B62E69">[common, MU 101.27%]<br></font></font>]]>
		</loot>
	</entry>
