<?xml version="1.0" encoding="utf-8"?>

	<entry name="Oratan" runicName="3,5" type="Humanoid" found="Arkadia" health="150 - 1700" damage="30 - 208" template="mob" resourcesFolder="ogg/images/arkadia/mobs/">
	
		<damageTypes penetration="50%" burn="50%"/>
		<!-- types: image, flash, video -->
		<resource thumb="_oratan.jpg" file="oratan.jpg" type="image" show="on"/>
		<resource thumb="_oratan2.jpg" file="oratan2.jpg" type="image"/>
		<resource thumb="_oratan3.jpg" file="oratan3.jpg" type="image"/>
		<dna code="2,1,0,1,2,2,0,1,1,2,0,1,3,2,0,0,0,1,2,0,3,2,0,1,0,2,0,0,1,3,2,2" dnaAperture="180"/>
		<description>
		<![CDATA[The Oratan are believed to be the race warned of in The Signal, intercepted by the Celeste Space Probe, which would mean this species inflicted genocide on the Ancient Arkadian People.<br><br>As such, the Oratan should not be underestimated under any circumstances, either individually or collectively.<br><br>As a species, they appear to revel in battle and killing, specifically targetting human colonists on Arkadia.<br><br>They have also shown a tendency to loot and steal, appearing in particular to crave technology.<br>Advanced weapons appear to be within their ability to use, but beyong their capability to develop for themselves.<br><br>The Imperial Federal Navy knows very little of the origins of the Oratan.<br>However, the destruction of the Ancient Arkadians at their hands seems certain and the threat they pose to humanity is very real and immediate.<br><br>Be well-equiped and show no mercy.]]>
		</description>	
		<loot>
		<![CDATA[<font size="-3"><font color="#F7CD00">Loot (information is gathered by players and might be incorrect):</font><br>Adaptive Fire Rate Component  <font color="#B62E69">[common, MU 100.34%]<br></font>Advanced Mineral Extractor  <font color="#B62E69">[common, MU 886.09%]<br></font>Advanced Scanning Sensor  <font color="#B62E69">[uncommon, MU 131.12%]<br></font>Advanced Stone Extractor  <font color="#B62E69">[common, MU 100.38%]<br></font>Advanced Strategic Combat Processor  <font color="#B62E69">[uncommon, MU 101.74%]<br></font>Advanced Target Assessment Unit  <font color="#B62E69">[common, MU 299.38%]<br></font>Animal Adrenal Oil  <font color="#B62E69">[common, MU 100.44%]<br></font>Animal Eye Oil  <font color="#B62E69">[common, MU 100.77%]<br></font>Animal Hide  <font color="#B62E69">[common, MU 100.50%]<br></font>Animal Liver Oil  <font color="#B62E69">[MU 102.21%]<br></font>Animal Oil Residue  <font color="#B62E69">[common, MU 100.26%]<br></font>Animal Pancreas Oil  <font color="#B62E69">[common, MU 101.68%]<br></font>Animal Thyroid Oil  <font color="#B62E69">[common, MU 100.58%]<br></font>Basic Scanning Sensor  <font color="#B62E69">[common, MU 105.62%]<br></font>Blazar Fragment  <font color="#B62E69">[common, MU 23397.00%]<br></font>BLP Pack  <font color="#B62E69">[very often]<br></font>Corvus Harness (L)  <font color="#B62E69">[uncommon, MU 138.89%]<br></font>Empty Skill Implant (L)  <font color="#B62E69">[rare, MU 486.97%]<br></font>Enhanced Metal Extractor  <font color="#B62E69">[MU 521.73%]<br></font>Explosive Projectiles  <font color="#B62E69">[very often, MU 101.32%]<br></font>Fine Hide  <font color="#B62E69">[common, MU 107.81%]<br></font>Fine Wool  <font color="#B62E69">[uncommon, MU 102.47%]<br></font>Focus Lense Component  <font color="#B62E69">[often, MU 100.21%]<br></font>Herman ARK-20 Jungle (L)  <font color="#B62E69">[MU 116.70%]<br></font>Herman ARK-30 (L)  <font color="#B62E69">[rare, MU 118.75%]<br></font>Herman CAP-303 Desert (L)  <font color="#B62E69">[MU 135.58%]<br></font>Hydra Helmet (L)  <font color="#B62E69">[extremely rare, MU 154.51%]<br></font>Inferior Cloth Extractor  <font color="#B62E69">[common, MU 100.90%]<br></font>Miluca Timber  <font color="#B62E69">[very often, MU 112.30%]<br></font>Nova Fragment  <font color="#B62E69">[common, MU 1380.12%]<br></font>Paint Can (Burgundy)  <font color="#B62E69">[common, MU 129.45%]<br></font>Paint Can (Cornsilk)  <font color="#B62E69">[rare, MU 115.07%]<br></font>Paint Can (Dark Blue)  <font color="#B62E69">[uncommon, MU 105.94%]<br></font>Paint Can (Dark Lavender)  <font color="#B62E69">[common, MU 165.37%]<br></font>Paint Can (Dark Purple)  <font color="#B62E69">[uncommon, MU 265.91%]<br></font>Paint Can (Green)  <font color="#B62E69">[common, MU 100.73%]<br></font>Paint Can (Navy)  <font color="#B62E69">[common, MU 134.50%]<br></font>Paint Can (Violet Cream)  <font color="#B62E69">[common, MU 100.28%]<br></font>Socket I Component  <font color="#B62E69">[common, MU 100.67%]<br></font>Socket II Component  <font color="#B62E69">[common, MU 100.06%]<br></font>Socket III Component  <font color="#B62E69">[common, MU 100.11%]<br></font>Socket IV Component  <font color="#B62E69">[common, MU 100.18%]<br></font>Socket V Component  <font color="#B62E69">[common, MU 100.22%]<br></font>Socket VI Component  <font color="#B62E69">[common, MU 100.56%]<br></font>Soft Hide  <font color="#B62E69">[common, MU 100.95%]<br></font>Super Charger Component  <font color="#B62E69">[common, MU 105.02%]<br></font>Surface Toughness Component  <font color="#B62E69">[common, MU 104.73%]<br></font>Thin Wool  <font color="#B62E69">[common, MU 103.54%]<br></font>Tier I Component  <font color="#B62E69">[common, MU 100.03%]<br></font>Tier III Component  <font color="#B62E69">[common, MU 123.00%]<br></font>Tier IV Component  <font color="#B62E69">[common, MU 124.74%]<br></font>Weapon Cells  <font color="#B62E69">[very often]<br></font>Wool  <font color="#B62E69">[common, MU 101.27%]<br></font></font>]]>
		</loot>
	</entry>
