<?xml version="1.0" encoding="utf-8"?>

	<entry name="Oro" runicName="3,5" type="Animal" found="Arkadia" health="50 - 320" damage="15 - 26" template="mob" resourcesFolder="ogg/images/arkadia/mobs/">
	
		<damageTypes stab="40%" cut="30%" impact="30%"/>
		<!-- types: image, flash, video -->
		<resource thumb="_oro.jpg" file="oro.jpg" type="image" show="on"/>
		<resource thumb="_oro2.jpg" file="oro2.jpg" type="image"/>
		<resource thumb="_oro3.jpg" file="oro3.jpg" type="image"/>
		<dna code="1,3,1,2,2,1,3,2,2,1,0,3,2,1,1,2,1,0,2,2,2,1,2,2,1,2,3,2,1,1,2,1" dnaAperture="90"/>
		<description>
		<![CDATA[Although relatively small, the Oro is quite prominet and distinctive due to the large crest upon its head.<br><br>Liberation Fleet scouts soon discovered the Oro was at its most dangerous in large numbers, or catching the casual colonist unaware.<br>It has become one of Arkadia's most easily recognisable creatures.]]>
		</description>	
		<loot>
		<![CDATA[<font size="-3"><font color="#F7CD00">Loot (information is gathered by players and might be incorrect):</font><br>Advanced Metal Extractor  <font color="#B62E69">[uncommon, MU 1209.16%]<br></font>Advanced Mineral Extractor  <font color="#B62E69">[uncommon, MU 886.09%]<br></font>Animal Eye Oil  <font color="#B62E69">[common, MU 100.77%]<br></font>Animal Hide  <font color="#B62E69">[common, MU 100.50%]<br></font>Animal Muscle Oil  <font color="#B62E69">[no longer drops, MU 101.38%]<br></font>Animal Oil Residue  <font color="#B62E69">[common, MU 100.26%]<br></font>Arkace Timber  <font color="#B62E69">[common, MU 103.68%]<br></font>Basic Cloth Extractor  <font color="#B62E69">[common, MU 110.62%]<br></font>Basic Electronic Fluid Memory  <font color="#B62E69">[common, MU 100.66%]<br></font>Basic Stone Extractor  <font color="#B62E69">[common, MU 100.91%]<br></font>Basic Strategic Combat Processor  <font color="#B62E69">[uncommon, MU 108.00%]<br></font>Basic Wood Extractor  <font color="#B62E69">[common, MU 149.17%]<br></font>Blazar Fragment  <font color="#B62E69">[common, MU 23397.00%]<br></font>BLP Pack  <font color="#B62E69">[often]<br></font>Canis Thigh Guards (L)  <font color="#B62E69">[MU 101.54%]<br></font>Corvus Shin Guards (L)  <font color="#B62E69">[uncommon, MU 102.56%]<br></font>Electronic Stabilizing Component  <font color="#B62E69">[common, MU 100.13%]<br></font>Enhanced Metal Extractor  <font color="#B62E69">[rare, MU 521.73%]<br></font>Explosive Projectiles  <font color="#B62E69">[often, MU 101.32%]<br></font>Herman ARK-10 (L)  <font color="#B62E69">[common, MU 133.33%]<br></font>Herman ARK-10 Arctic (L)  <font color="#B62E69">[rare, MU 111.26%]<br></font>Herman ASI-10 (L)  <font color="#B62E69">[common, MU 120.00%]<br></font>Herman ASI-10 Desert (L)  <font color="#B62E69">[rare, MU 108.85%]<br></font>Herman ASI-30 Desert (L)  <font color="#B62E69">[MU 140.00%]<br></font>Herman CAP-101 Smuggler  <font color="#B62E69">[MU 2453.99PED]<br></font>Herman LAW-101 (L)  <font color="#B62E69">[MU 133.33%]<br></font>Herman LAW-101 Jungle (L)  <font color="#B62E69">[rare, MU 107.38%]<br></font>Herman LAW-202 (L)  <font color="#B62E69">[rare, MU 107.72%]<br></font>Interactive Simplifier Component  <font color="#B62E69">[common, MU 100.43%]<br></font>Light Weapon Cells  <font color="#B62E69">[common]<br></font>MANTA K-2 (L)  <font color="#B62E69">[uncommon]<br></font>Nova Fragment  <font color="#B62E69">[common, MU 1380.12%]<br></font>Oro Hide  <font color="#B62E69">[common, MU 117.84%]<br></font>Paint Can (Brown)  <font color="#B62E69">[common, MU 100.25%]<br></font>Paint Can (Dark Purple)  <font color="#B62E69">[uncommon, MU 265.91%]<br></font>Paint Can (Dark Umber)  <font color="#B62E69">[uncommon, MU 110.33%]<br></font>Paint Can (Green)  <font color="#B62E69">[common, MU 100.73%]<br></font>Paint Can (Light Green)  <font color="#B62E69">[common, MU 101.62%]<br></font>Paint Can (Mauve)  <font color="#B62E69">[common, MU 103.17%]<br></font>Paint Can (Navy)  <font color="#B62E69">[rare, MU 134.50%]<br></font>Paint Can (Pink)  <font color="#B62E69">[common, MU 126.37%]<br></font>Paint Can (Turqoise)  <font color="#B62E69">[rare, MU 102.89%]<br></font>Paint Can (Violet Cream)  <font color="#B62E69">[common, MU 100.28%]<br></font>Paint Can (Yellow)  <font color="#B62E69">[MU 128.72%]<br></font>Socket I Component  <font color="#B62E69">[common, MU 100.67%]<br></font>Socket II Component  <font color="#B62E69">[uncommon, MU 100.06%]<br></font>Soft Hide  <font color="#B62E69">[common, MU 100.95%]<br></font>Superior Cloth Extractor  <font color="#B62E69">[uncommon, MU 304.08%]<br></font>Thin Wool  <font color="#B62E69">[common, MU 103.54%]<br></font>Tier I Component  <font color="#B62E69">[common, MU 100.03%]<br></font>Tier II Component  <font color="#B62E69">[common, MU 103.65%]<br></font>Weapon Cells  <font color="#B62E69">[common]<br></font>Wool  <font color="#B62E69">[common, MU 101.27%]<br></font></font>]]>
		</loot>		
	</entry>
