<?xml version="1.0" encoding="utf-8"?>

	<entry name="Ostelok" runicName="3,5" type="Flightless Bird" found="Arkadia" health="20 - 150" damage="8 - 36" template="mob" resourcesFolder="ogg/images/arkadia/mobs/">
	
		<damageTypes/>
		<!-- types: image, flash, video -->
		<resource thumb="_ostelok.jpg" file="ostelok.jpg" type="image" show="on"/>
		<resource thumb="_ostelok2.jpg" file="ostelok2.jpg" type="image"/>
		<resource thumb="_ostelok3.jpg" file="ostelok3.jpg" type="image"/>
		<dna code="0,1,2,2,1,1,3,2,3,2,1,3,1,1,0,2,2,3,1,1,2,1,3,3,2,0,2,3,1,2,1,2" dnaAperture="75"/>
		<description>
		<![CDATA[The Ostelok is a ground dwelling bird species that lives in large groups. Whilst not overtly aggressive, they can be dangerous when provoked.<br><br>Little is known about its diet; however it seems willing to eat anything.<br>Its heavy beak combined with extremely strong neck muscles makes its downward thrusting strikes especially dangerous.<br><br>The Osteloks' long powerful legs give it the ability to run for hours on end without tiring.]]>
		</description>	
		<loot>
		<![CDATA[<font size="-3"><font color="#F7CD00">Loot (information is gathered by players and might be incorrect):</font><br>Advanced Mineral Extractor  <font color="#B62E69">[common, MU 886.09%]<br></font>Animal Eye Oil  <font color="#B62E69">[very often, MU 100.77%]<br></font>Animal Hide  <font color="#B62E69">[very often, MU 100.50%]<br></font>Animal Muscle Oil  <font color="#B62E69">[very often, MU 101.38%]<br></font>Animal Oil Residue  <font color="#B62E69">[very often, MU 100.26%]<br></font>Arkace Timber  <font color="#B62E69">[common, MU 103.68%]<br></font>Basic Metal Extractor  <font color="#B62E69">[MU 229.19%]<br></font>Basic Strategic Combat Processor  <font color="#B62E69">[uncommon, MU 108.00%]<br></font>Basic Wood Extractor  <font color="#B62E69">[MU 149.17%]<br></font>Blazar Fragment  <font color="#B62E69">[uncommon, MU 23397.00%]<br></font>BLP Pack  <font color="#B62E69">[common]<br></font>Canis Harness (L)  <font color="#B62E69">[rare, MU 101.12%]<br></font>Corvus Arm Guards (L)<br>Corvus Harness (L)  <font color="#B62E69">[rare, MU 138.89%]<br></font>Electronic Stabilizing Component  <font color="#B62E69">[uncommon, MU 100.13%]<br></font>Explosive Projectiles  <font color="#B62E69">[uncommon, MU 101.32%]<br></font>Herman ARK-10 Smuggler  <font color="#B62E69">[extremely rare]<br></font>Herman ARK-20 (L)  <font color="#B62E69">[rare, MU 109.30%]<br></font>Herman ASI-10 (L)  <font color="#B62E69">[uncommon, MU 120.00%]<br></font>MAKO FAL-1 (L)  <font color="#B62E69">[uncommon, MU 104.74%]<br></font>Nova Fragment  <font color="#B62E69">[common, MU 1380.12%]<br></font>Ostelok Hide  <font color="#B62E69">[often]<br></font>Paint Can (Green)  <font color="#B62E69">[very often, MU 100.73%]<br></font>Paint Can (Navy)  <font color="#B62E69">[MU 134.50%]<br></font>Paint Can (Pink)  <font color="#B62E69">[uncommon, MU 126.37%]<br></font>Paint Can (Violet Cream)  <font color="#B62E69">[often, MU 100.28%]<br></font>Socket I Component  <font color="#B62E69">[often, MU 100.67%]<br></font>Socket II Component  <font color="#B62E69">[often, MU 100.06%]<br></font>Soft Hide  <font color="#B62E69">[common, MU 100.95%]<br></font>Tier I Component  <font color="#B62E69">[common, MU 100.03%]<br></font></font>]]>
		</loot>		
	</entry>
