<?xml version="1.0" encoding="utf-8"?>

	<entry name="Otorugi" runicName="3,5" type="Animal" found="Arkadia" health="920 - 2010" damage="80 - 105" template="mob" resourcesFolder="ogg/images/arkadia/mobs/">
	
		<damageTypes stab="33%" cut="33%" impact="33%"/>
		<!-- types: image, flash, video -->
		<resource thumb="_otorugi.jpg" file="otorugi.jpg" type="image" show="on"/>
		<resource thumb="_otorugi2.jpg" file="otorugi2.jpg" type="image"/>
		<resource thumb="_otorugi3.jpg" file="otorugi3.jpg" type="image"/>
		<dna code="1,0,1,3,1,2,1,1,2,2,2,3,2,1,2,0,2,1,1,0,0,1,1,0,3,2,2,2,1,1,1,1" dnaAperture="120"/>
		<description>
		<![CDATA[Though quite large, the Otorugi appears to not have many natural defences against larger predators.<br>Its strength and speed allow it to escape many predators while allowing it to hunt for itself.<br><br>It seems to like the taste of new colonists.]]>
		</description>	
		<loot>
		<![CDATA[<font size="-3"><font color="#F7CD00">Loot (information is gathered by players and might be incorrect):</font><br>Adaptive Fire Rate Component  <font color="#B62E69">[often, MU 100.34%]<br></font>Advanced Electronic Fluid Memory  <font color="#B62E69">[uncommon, MU 101.86%]<br></font>Advanced Scanning Sensor  <font color="#B62E69">[uncommon, MU 131.12%]<br></font>Advanced Strategic Combat Processor  <font color="#B62E69">[common, MU 101.74%]<br></font>Advanced Target Assessment Unit  <font color="#B62E69">[common, MU 299.38%]<br></font>Animal Adrenal Oil  <font color="#B62E69">[common, MU 100.44%]<br></font>Animal Eye Oil  <font color="#B62E69">[very often, MU 100.77%]<br></font>Animal Hide  <font color="#B62E69">[often, MU 100.50%]<br></font>Animal Liver Oil  <font color="#B62E69">[uncommon, MU 102.21%]<br></font>Animal Oil Residue  <font color="#B62E69">[common, MU 100.26%]<br></font>Animal Pancreas Oil  <font color="#B62E69">[common, MU 101.68%]<br></font>Animal Thyroid Oil  <font color="#B62E69">[common, MU 100.58%]<br></font>Basic Electronic Fluid Memory  <font color="#B62E69">[uncommon, MU 100.66%]<br></font>Basic Scanning Sensor  <font color="#B62E69">[common, MU 105.62%]<br></font>BLP Pack  <font color="#B62E69">[very often]<br></font>Empty Skill Implant (L)  <font color="#B62E69">[uncommon, MU 486.97%]<br></font>Explosive Projectiles  <font color="#B62E69">[very often, MU 101.32%]<br></font>Fine Hide  <font color="#B62E69">[common, MU 107.81%]<br></font>Fine Wool  <font color="#B62E69">[common, MU 102.47%]<br></font>Hekia Timber  <font color="#B62E69">[often, MU 102.29%]<br></font>Herman ASI-40 (L)  <font color="#B62E69">[uncommon, MU 130.11%]<br></font>Herman LAW-404 Arctic (L)  <font color="#B62E69">[uncommon, MU 126.74%]<br></font>Infrasound Emitter Component  <font color="#B62E69">[common, MU 105.95%]<br></font>Light Weapon Cells  <font color="#B62E69">[very often]<br></font>Lupus Shin Guards (L)  <font color="#B62E69">[uncommon]<br></font>MANTA K-4 (L)  <font color="#B62E69">[uncommon, MU 106.06%]<br></font>Nova Fragment  <font color="#B62E69">[often, MU 1380.12%]<br></font>Otorugi Hide  <font color="#B62E69">[common, MU 101.56%]<br></font>Output Amplifier Component  <font color="#B62E69">[uncommon, MU 238.52%]<br></font>Paint Can (Burgundy)  <font color="#B62E69">[MU 129.45%]<br></font>Paint Can (Green)  <font color="#B62E69">[common, MU 100.73%]<br></font>Paint Can (Violet Cream)  <font color="#B62E69">[common, MU 100.28%]<br></font>Paint Can (White)  <font color="#B62E69">[MU 151.30%]<br></font>Socket I Component  <font color="#B62E69">[common, MU 100.67%]<br></font>Socket II Component  <font color="#B62E69">[common, MU 100.06%]<br></font>Socket III Component  <font color="#B62E69">[common, MU 100.11%]<br></font>Socket IV Component  <font color="#B62E69">[common, MU 100.18%]<br></font>Socket V Component  <font color="#B62E69">[uncommon, MU 100.22%]<br></font>Soft Hide  <font color="#B62E69">[uncommon, MU 100.95%]<br></font>Super Charger Component  <font color="#B62E69">[common, MU 105.02%]<br></font>Surface Toughness Component  <font color="#B62E69">[common, MU 104.73%]<br></font>Thin Wool  <font color="#B62E69">[common, MU 103.54%]<br></font>Tier I Component  <font color="#B62E69">[common, MU 100.03%]<br></font>Tier III Component  <font color="#B62E69">[uncommon, MU 123.00%]<br></font>Tier IV Component  <font color="#B62E69">[uncommon, MU 124.74%]<br></font>Wool  <font color="#B62E69">[common, MU 101.27%]<br></font></font>]]>
		</loot>		
	</entry>
