<?xml version="1.0" encoding="utf-8"?>

	<entry name="Oweko" runicName="3,5" type="Animal" found="Arkadia" health="500 - 2600" damage="45 - 80" template="mob" resourcesFolder="ogg/images/arkadia/mobs/">
	
		<damageTypes cut="50%" impact="50%"/>
		<!-- types: image, flash, video -->
		<resource thumb="_oweko.jpg" file="oweko.jpg" type="image" show="on"/>
		<resource thumb="_oweko2.jpg" file="oweko2.jpg" type="image"/>
		<resource thumb="_oweko3.jpg" file="oweko3.jpg" type="image"/>
		<dna code="2,0,1,0,3,2,2,2,0,2,0,2,0,2,1,1,0,1,2,3,2,1,2,1,1,2,2,1,1,3,1,0" dnaAperture="90"/>
		<description>
		<![CDATA[With its prominent and distinctive crest, the sight of a herd of Oweko in their natural habitat on Arkadia is exquiste.<br><br>As one of the first creatures to be noticed after Libaration Fleet landed, the Oweko was reported by troops to be intelligent, swift footed and agressively protective of its territory.]]>
		</description>	
		<loot>
		<![CDATA[<font size="-3"><font color="#F7CD00">Loot (information is gathered by players and might be incorrect):</font><br>Adaptive Fire Rate Component  <font color="#B62E69">[common, MU 100.34%]<br></font>Advanced Target Assessment Unit  <font color="#B62E69">[MU 299.38%]<br></font>Animal Adrenal Oil  <font color="#B62E69">[common, MU 100.44%]<br></font>Animal Eye Oil  <font color="#B62E69">[common, MU 100.77%]<br></font>Animal Hide  <font color="#B62E69">[common, MU 100.50%]<br></font>Animal Oil Residue  <font color="#B62E69">[common, MU 100.26%]<br></font>Animal Pancreas Oil  <font color="#B62E69">[uncommon, MU 101.68%]<br></font>Animal Thyroid Oil  <font color="#B62E69">[common, MU 100.58%]<br></font>Basic Leather Extractor  <font color="#B62E69">[uncommon, MU 106.23%]<br></font>Basic Scanning Sensor  <font color="#B62E69">[common, MU 105.62%]<br></font>Blazar Fragment  <font color="#B62E69">[common, MU 23397.00%]<br></font>BLP Pack  <font color="#B62E69">[very often]<br></font>Canis Helmet (L)  <font color="#B62E69">[uncommon, MU 102.14%]<br></font>Cetus Gloves (L)  <font color="#B62E69">[uncommon, MU 106.00%]<br></font>Diluted Mineral Extractor  <font color="#B62E69">[uncommon, MU 616.18%]<br></font>Empty Skill Implant (L)  <font color="#B62E69">[MU 486.97%]<br></font>Explosive Projectiles  <font color="#B62E69">[very often, MU 101.32%]<br></font>Fine Hide  <font color="#B62E69">[uncommon, MU 107.81%]<br></font>Fine Wool  <font color="#B62E69">[uncommon, MU 102.47%]<br></font>GYRO FAP-18 (L)  <font color="#B62E69">[uncommon, MU 103.19%]<br></font>Inferior Cloth Extractor  <font color="#B62E69">[common, MU 100.90%]<br></font>Light Weapon Cells  <font color="#B62E69">[very often]<br></font>MAKO FAL-4 (L)  <font color="#B62E69">[uncommon]<br></font>MAKO Lightning Smuggler<br>Miluca Timber  <font color="#B62E69">[common, MU 112.30%]<br></font>Nova Fragment  <font color="#B62E69">[common, MU 1380.12%]<br></font>Oweko Hide  <font color="#B62E69">[common, MU 102.88%]<br></font>Paint Can (Blue)  <font color="#B62E69">[uncommon, MU 176.89%]<br></font>Paint Can (Burnt Umber)  <font color="#B62E69">[common, MU 102.25%]<br></font>Paint Can (Cornsilk)  <font color="#B62E69">[uncommon, MU 115.07%]<br></font>Paint Can (Dark Blue)  <font color="#B62E69">[common, MU 105.94%]<br></font>Paint Can (Green)  <font color="#B62E69">[common, MU 100.73%]<br></font>Paint Can (Light Green)  <font color="#B62E69">[uncommon, MU 101.62%]<br></font>Paint Can (Steel Blue)  <font color="#B62E69">[uncommon, MU 140.02%]<br></font>Paint Can (Turqoise)  <font color="#B62E69">[uncommon, MU 102.89%]<br></font>Paint Can (Violet Cream)  <font color="#B62E69">[common, MU 100.28%]<br></font>Rationalizer Component  <font color="#B62E69">[common, MU 100.73%]<br></font>Socket I Component  <font color="#B62E69">[common, MU 100.67%]<br></font>Socket II Component  <font color="#B62E69">[common, MU 100.06%]<br></font>Socket III Component  <font color="#B62E69">[common, MU 100.11%]<br></font>Socket IV Component  <font color="#B62E69">[uncommon, MU 100.18%]<br></font>Soft Hide  <font color="#B62E69">[common, MU 100.95%]<br></font>Strong Cloth Extractor  <font color="#B62E69">[uncommon, MU 203.85%]<br></font>Super Charger Component  <font color="#B62E69">[uncommon, MU 105.02%]<br></font>Surface Toughness Component  <font color="#B62E69">[common, MU 104.73%]<br></font>Thin Wool  <font color="#B62E69">[common, MU 103.54%]<br></font>Tier I Component  <font color="#B62E69">[common, MU 100.03%]<br></font>Tier II Component  <font color="#B62E69">[common, MU 103.65%]<br></font>Tier III Component  <font color="#B62E69">[common, MU 123.00%]<br></font>Weapon Cells  <font color="#B62E69">[very often]<br></font>Wool  <font color="#B62E69">[common, MU 101.27%]<br></font></font>]]>
		</loot>		
	</entry>
