<?xml version="1.0" encoding="utf-8"?>

	<entry name="Scoria" runicName="3,5" type="Underground Animal" found="Arkadia" health="3500 - 8500" damage="56 - 167" template="mob" resourcesFolder="ogg/images/arkadia/mobs/">
	
		<damageTypes stub="50%" impact="50%"/>
		<!-- types: image, flash, video -->
		<resource thumb="_scoria.jpg" file="scoria.jpg" type="image" show="on"/>
		<resource thumb="_scoria2.jpg" file="scoria2.jpg" type="image"/>
		<resource thumb="_scoria3.jpg" file="scoria3.jpg" type="image"/>
		<dna code="3,0,2,2,0,2,1,2,0,2,1,1,0,3,1,1,2,3,1,1,1,2,0,3,2,3,3,2,2,2,0,1" dnaAperture="120"/>
		<description>
		<![CDATA[As an underground dwelling creature the Scoria was first encountered when a mining excavation drilled through to the cave system it inhabits.<br><br>Curious by nature the Scoria immediately followed the tunnel to the surface and began exploring the surrounding area.<br><br>Lacking eyes it is believed that the Scoria locates and tracks nearby objects utilising other senses, with some hypothesising that much of its head acts as a sensory organ.<br><br>When angered its large claw-like appendages are capable of engaging multiple opponents at once.]]>
		</description>	
		<loot>
		<![CDATA[<font size="-3"><font color="#F7CD00">Loot (information is gathered by players and might be incorrect):</font><br>Advanced Cloth Extractor  <font color="#B62E69">[uncommon, MU 121.91%]<br></font>Animal Adrenal Oil  <font color="#B62E69">[uncommon, MU 100.44%]<br></font>Animal Hide  <font color="#B62E69">[common, MU 100.50%]<br></font>Animal Liver Oil  <font color="#B62E69">[uncommon, MU 102.21%]<br></font>Animal Oil Residue  <font color="#B62E69">[common, MU 100.26%]<br></font>Animal Thyroid Oil  <font color="#B62E69">[common, MU 100.58%]<br></font>Basic Leather Extractor  <font color="#B62E69">[common, MU 106.23%]<br></font>Combustive Attack Chip I (L)  <font color="#B62E69">[often, MU 149.12%]<br></font>Combustive Attack Chip II (L)  <font color="#B62E69">[often, MU 103.68%]<br></font>Combustive Attack Chip III (L)  <font color="#B62E69">[common, MU 107.41%]<br></font>Combustive Attack Chip VI (L)  <font color="#B62E69">[uncommon, MU 120.18%]<br></font>Diluted Mineral Extractor  <font color="#B62E69">[uncommon, MU 616.18%]<br></font>Empty Skill Implant (L)  <font color="#B62E69">[uncommon, MU 486.97%]<br></font>Explosive Projectiles  <font color="#B62E69">[common, MU 101.32%]<br></font>Herman ARK-40 Jungle (L)  <font color="#B62E69">[uncommon, MU 153.08%]<br></font>Herman ARK-50 Jungle (L)<br>Herman LAW-404 Desert (L)  <font color="#B62E69">[uncommon]<br></font>High Definition GUI Component  <font color="#B62E69">[uncommon, MU 100.31%]<br></font>Inferior Cloth Extractor  <font color="#B62E69">[uncommon, MU 100.90%]<br></font>Kinetic Attack Chip I (L)  <font color="#B62E69">[often, MU 121.90%]<br></font>Kinetic Attack Chip II (L)  <font color="#B62E69">[common, MU 104.31%]<br></font>Kinetic Attack Chip III (L)  <font color="#B62E69">[often, MU 101.63%]<br></font>Kinetic Attack Chip IV (L)  <font color="#B62E69">[often, MU 108.96%]<br></font>Lacerating Attack Chip I (L)  <font color="#B62E69">[MU 119.62%]<br></font>Lacerating Attack Chip II (L)  <font color="#B62E69">[common, MU 116.30%]<br></font>Lacerating Attack Chip III (L)  <font color="#B62E69">[often, MU 105.51%]<br></font>Lacerating Attack Chip IV (L)  <font color="#B62E69">[often, MU 114.50%]<br></font>Lacerating Attack Chip V (L)  <font color="#B62E69">[often, MU 115.18%]<br></font>Lacerating Attack Chip VIII (L)  <font color="#B62E69">[uncommon, MU 111.36%]<br></font>Lacerating Strike Chip I (L)  <font color="#B62E69">[uncommon, MU 102.43%]<br></font>Output Amplifier Component  <font color="#B62E69">[uncommon, MU 238.52%]<br></font>Paint Can (Burnt Umber)  <font color="#B62E69">[common, MU 102.25%]<br></font>Paint Can (Light Green)  <font color="#B62E69">[uncommon, MU 101.62%]<br></font>Paint Can (Orange)  <font color="#B62E69">[uncommon, MU 103.06%]<br></font>Paint Can (Steel Blue)  <font color="#B62E69">[often, MU 140.02%]<br></font>Scoria Hide  <font color="#B62E69">[MU 105.36%]<br></font>Socket IV Component  <font color="#B62E69">[uncommon, MU 100.18%]<br></font>Socket V Component  <font color="#B62E69">[uncommon, MU 100.22%]<br></font>Super Charger Component  <font color="#B62E69">[uncommon, MU 105.02%]<br></font>Thin Wool  <font color="#B62E69">[common, MU 103.54%]<br></font>Tier IV Component  <font color="#B62E69">[uncommon, MU 124.74%]<br></font></font>]]>
		</loot>		
	</entry>
