<?xml version="1.0" encoding="utf-8"?>

	<entry name="Arkadian Chronicles" title="Against the Tide" date="5 Feb 3008" time="1422 hrs" source="Unknown" location="Fearless Firebase" template="text" resourcesFolder="ogg/images/arkadia/chronicles/">
		<resource thumb="_img18.jpg" file="img18.jpg" type="image"/>
		<description>
		<![CDATA[Each breath filled Captain Chiharo's lungs with burning acrid smoke. The Oratan's unceasing attacks had resulted in a toxic haze that had shrouded Fearless Firebase for the last few days. Chiharo looked through the sight of her Herman ARK-50 and pulled the trigger, only to find that yet again she had run out of ammunition. She had never experienced anything like this battle. The days had drifted together in her memory as a blurred montage of horrific images. She reached to her belt for another clip but found that she had only empty magazines. Again.<br><br>She stepped back from the wall and her spot was instantly filled by another trooper who immediately began firing down on the Oratan. Most of the remaining troops on Arkadia had been withdrawn to defend Resolute, Relentless or Fearless Firebases. Standing alongside the troops were many civilians who had hastily taken up arms to support the military. The injured troops and remaining civilians had retreated back to Celeste Harbour. Every defender was subjected to a punishing roster that barely allowed for a few desperately needed hours of sleep. Chiharo was even harder on herself, driving herself until only will alone kept her on her feet. This was definitely a time to stand with her troops. She would have had it no other way.<br><br>Commodore Harvir still commanded from the IFN Headquarters in Celeste Harbour, choosing to remain with the troops on the surface. On his orders, many civilians had been lifted back to the Fleet in orbit. The window for such evacuations had long since closed, with the drop ships needed to aid the defenders. Harvir maintained command of the defence of Celeste Harbour, and he'd ordered Chiharo to hold out at the Firebases as long as possible. It was what she was best at; under her command they had managed to hold off the Oratan as long as they had. It had been a slow withdrawal. The attackers had eventually enveloped the defences in crushing numbers, forcing Chiharo to abandon the outer Firebases in an effort to reinforce the remaining three. These guarded the main approach routes to Celeste Harbour and were vital in its defence. She'd be damned if she'd give them up easily.<br><br>The Oratan had continued to attack Fearless in one continuous, unrelenting swarm. She had managed to hold out by blunting the assault with a series of counter-attacks that stopped the Oratan from focussing all of their attention on the walls at any one time. At other times, she had lured small groups inside the defences to be slaughtered by ambushes. She knew Harvir was unable to aid Fearless' garrison, as the few active troops he had were barely enough to secure the teleporter at Celeste Harbour itself. She would have been optimistic about their chances of success regardless, if reinforcements and survivors had been the only ones using the teleporters. True to Milton Lee's last words, the Oratan had worked out how to use the devices and could teleport their way into any human encampment.<br><br>Headquarters had been caught unaware the first time the Oratan attacked through the teleporter to strike at Celeste Harbour, which had nearly been overwhelmed by the surprise attack. The troops had responded desperately and after an hour of hard fighting they had killed or driven all the Oratan from the base. Since then, they had been forced to keep an armed guard around the teleporters that remained in their control, as the Oratan continued to intermittently launch attacks through them. Fortunately, the teleporters could not instantly transport an overwhelming force, but it placed an additional strain on the defence, tying up even more troops and preventing them from being able to rest.<br><br>Enough troops had made it back during the withdrawal from the other Firebases that there was now a large garrison at Fearless, temporarily relieving some of the pressure. But for all Chiharo's strategies, the battle had become a matter of attrition, which the Oratan seemed bound to win. They had killed thousands of the creatures, possibly tens of thousands, but there seemed to be no end to their numbers.<br><br>The Commodore had ordered the drop ships converted into temporary gunships by rigging a few unused turrets into their cargo cradles. It had proven an effective, though unusual, defence. There had been no respite for the gunships day or night, until they had consumed most of the fuel stores. Now the remaining Firebases were without any air support and Harvir had ordered the little fuel that remained to be saved for use only in emergency situations. Chiharo found herself wishing that they had somehow managed to gather more material for the fuel cells Professor Lee had developed. Initially, she had commanded enough troops to hold the walls, even without air support, but now that was slowly changing. The number of active troops was dwindling, worn down by casualties and fatigue. And the situation was only getting worse. Slowly but surely they were losing the battle for Arkadia.<br><br>She picked up some more ammunition from the stores, wincing at the sight of their rapidly shrinking stocks. Even if they survived the battle they were going to struggle to retake any ground because they were fast running out of vital military supplies. They still had food, water and building materials in abundance, but these were not going to be of any use in the short term. As she reloaded her magazines and weapon, she suddenly became aware that almost complete silence had fallen over the Firebase. She ran back up onto the walls to see what was going on, hoping that the Oratan were finally retreating. Her hopes were dashed as soon as she gazed out across the horde surrounding the Firebase. They had withdrawn out of range of the turret guns, abandoning the sustained assault that had failed to breach the defences, and were forming up for another attack.<br><br>Chiharo knew that such an assault would prove costly for the attackers, but so far the Oratan had not been concerned about throwing away their lives in an attempt to overwhelm the Firebases. She was out of options; her troops would cut the first few waves to shreds but the ones behind would get ever closer, eventually hitting the wall in a solid mass. She did not have enough defenders to repel the attack, as long as the Oratan remained focussed. If they gained a foothold on the walls, their superior numbers would win out and they would spread through the Firebase like a swarm of angry bees.<br><br>Chiharo ordered all the troops at rest, as well as the armed civilians, to the walls. Harvir had given her an emergency frequency for just such a situation as this. She activated it now and called Celeste Harbour.<br><br>'Fuel up those drop ships and get them back in the air, we're going to need them here at Fearless Firebase. Flank around the Oratan attack to the north before you arrive. Try to pin them against the Firebase and we'll hit them from both sides,' Chiharo yelled the order into her transmitter.<br><br>A deafening roar erupted from the horde as the Oratan bellowed their battle cries. The mass of creatures surged forward, like a tidal wave intent on smashing itself on the walls of Fearless Firebase. As they came within range, the turret guns began firing with deadly precision, tearing massive holes in the front ranks, but the Oratan kept on coming.<br><br>Chiharo raised her rifle and sighted down the barrel, tracking her target. As the enemy came within range of her weapon, she and everyone on the wall opened fire at the same time, cutting down dozens of creatures with each volley. But more were just behind, running through the hail of bullets and lasers, reaching ever closer before falling. Despite the constant fire from the defenders, the Oratan were soon at the base of the walls, raising makeshift tools to try and find a way to the top. Hundreds died but it was not enough to stop the unrelenting horde.<br><br>'Where the hell are those drop ships?' Chiharo muttered under her breath. As if she'd conjured them, they appeared from the north, a single line that descended upon the Oratan masses. Automatic cannons opened fire as they strafed over the Oratan swarm, leaving hundreds of dead and wounded in their wake.<br><br>The Oratan attack faltered briefly before surging forward once again, even more viciously than before, with dozens gaining the top of the walls before they were killed.<br><br>The drop ships swung around on another run, cannons firing until their barrels were red hot and smoking. The concentrated Oratan attack once again broke up into a confused, angry rabble. Many retreated back out of the defenders' range while those that remained were quickly wiped out. They didn't go far though and Chiharo knew they had won nothing more than a brief respite from the attacks.<br><br>If the Oratan wanted to drive her from this planet, she was determined they were going to have to wade through a sea of their own dead to do it.]]>
		</description>	
		
	</entry>
