<?xml version="1.0" encoding="utf-8"?>

	<entry name="Arkadian Chronicles" title="Extraction" date="4 Mar 3008" time="2121 hrs" source="Sergeant Jong's personal account" location="Unknown" template="text" resourcesFolder="ogg/images/">
	
		<description>
		<![CDATA[I got my first look at the Dig site from my vantage point on a nearby hill. Travelling under the light of Arkadia's three moons, I had drifted further south than I'd intended and had come upon Falcon Dig from the east rather than the north. Even at this late hour, the Dig was surrounded by Oratan and I was on my own; one man could pass through unnoticed where a squad was sure to be seen. On my approach I hadn't been troubled by any patrols, as the enemy hadn't set up a perimeter. I found it all too easy to slip through the unorganised groups that wandered the area around the archaeological site. Twelve years as a scout counts for something.<br><br>The Dig looked much as we left it. From the reconnaissance reports I'd seen of the nearby Kestrel Dig, the Oratan had a similar deployment there. It was a relief to discover that Kestrel is not an isolated case; that our enemies have no concern for defence no matter where they are. We would waste a lot of lives trying to retake the Digs if the Oratan decided to fortify them. The prospect of attempting such an operation without a revival network is daunting enough with such a large hostile force occupying the area. From what I've seen, any attempt to retake the archaeological sites will require a significant force. I can't see the Commodore ordering that yet.<br><br>We're only able to consider the possibility of retaking the Digs because the teleporter network has re-established our access to 8 Coins. Thanks to the treacherous landscape around the mines, the Oratan are leaving them largely untouched, so when the mining facility was reconnected we were able to be reinforced by the four fully equipped companies who had been stationed there. 8 Coins is also sending as many resources as possible back to Celeste Harbour. The Commodore has removed our technicians from the defence and assigned them to manufacturing ammunition from the materials supplied by the mines, so our forces are once again well stocked. We're still short on weapons, with so many looted by the Oratan, but the main problem we will face when we try to drive them from our settlements will be our lack of manpower. The resources from 8 Coins will give us a better chance.<br><br>We have managed to retake most of the Firebases thanks to Captain Chiharo's crafty tricks and by striking hard and fast through the teleporters. I've heard that Formidable and Dependable Firebases in the far north were re-captured by the security forces from Sanctuary Cove, though I have no idea what the Commodore did to get them off that island of theirs. Despite our gains, I know that our hold on the Firebases is tenuous at best and that we still need most of the remaining civilians to aid in the defence.<br><br>My company was part of the mission to retake Redoubtable Firebase. We penetrated the area by night, getting into position before dawn. At first light, Lieutenant Commander Taka's company teleported right into the Firebase, quickly killing all the Oratan inside. Then they manned the walls and began attacking the enemies that surrounded the base. It was like kicking a hornet's nest. I waited along with the rest of my company until the enemy was committed to charging the walls, then we attacked the Oratan from behind, throwing them into confusion. Before they could react to the new threat, we'd slaughtered most of them and driven off the rest. The dead littered the ground as far as I could see. I've never witnessed so much carnage.<br><br>That was just the first step of the operation that led to me lying on my stomach, overlooking Falcon Dig. After a while I'd seen enough and was ready to leave, my reconnaissance mission completed. Using my scope, I took one last look over the Dig and glimpsed something strange in a section of ruins on the outskirts of the Dig. I could make out the shape of a figure lying on top of a wall, while several Oratan stood below. In the darkness I couldn't be certain it was human, but I didn't think the Oratan would be playing hide and seek. If it was a survivor I knew I couldn't leave them there. As I watched, the figure moved slightly, readjusting to a more comfortable position. In that instant I saw a gleam through the darkness and realised the figure was holding a standard issue combat knife, the blade catching the moonlight. No-one with any decent military training would make such a rookie mistake, but it could be a civilian.<br><br>I moved slowly down the hill, keeping to shadows and cover. The Oratan didn't appear particularly alert, but I wasn't going to take any chances. It would be difficult to make it out alive if I was seen. As I neared the base of the hill, I carefully weaved my way through the increasing number of Oratan, forced to spend more and more time lying still to avoid detection. Eventually I made it to the edge of the ruin, but realised stealth would get me no further. My path was blocked by Oratan who showed no signs of moving.<br><br>I drew my knife and waited for what seemed like an eternity. Finally the nearest creature turned away and I leapt. I was stiff from lying still and my movements were slow, but I was still able to grab the Oratan before it could turn to face me. With a quick slash, I cut its throat and quietly lowered it to the ground. The second died just as quickly, but a third spotted me. Before it could announce my presence I threw my knife, the blade sinking deep into the creature's eye. I heard footsteps and flattened myself against the wall. Another Oratan rounded a corner and I stepped out behind it and broke its neck.<br><br>I paused, senses straining to detect any sign that the rest of the Oratan had been alerted to my presence, but no alarm was raised. I reclaimed my knife and climbed the short wall. As I reached the top a knife flashed out of the darkness, but I reacted in time to catch my assailant's wrist. The arm went limp and I examined the man before me. He was a civilian alright, probably an archaeologist judging by the clothes. The man cut a ragged figure; tired and thin from what must have been weeks of near starvation, his clothes torn to shreds. When he spoke, his voice was a scratchy whisper that I could barely hear.<br><br>'How did you get here?'<br><br>'No time to explain, dawn is too close. Can you walk?' I asked him as I lowering myself back onto the ground.<br><br>'Yes,' the man said, his voice wavering with a hysterical edge as he followed me down. 'But we won't make it far from the Dig before we get spotted.'<br><br>'We don't need to get out, we need to go further in.' I told him, uneasy at how slowly he was climbing down.<br><br>'Are you crazy? How is that going to help us? You're going to get us both killed!'<br><br>'Quiet, man, pull yourself together. The teleporters have been reactivated; we can use them to get out of here.'<br><br>He stared at me wide-eyed for a long moment and I knew that he was still considering the number of Oratan scattered throughout the area. Without another word I moved off, letting him make his own decision, and when I glanced back I saw him sneaking through the darkness behind me. As we moved through the ruins, it became clear that the man knew how to move quietly; hardly surprising considering how long he'd managed to stay alive. We worked our way towards the centre of the Dig, without being detected, though I was forced to kill another Oratan along the way.<br><br>'There it is,' I told him, as the teleporter came into view. The area around it was crawling with Oratan.<br><br>'How the hell do we get to that?' He asked. I knew it would be hard and briefly considered trying to sneak out of the ruin after all, but a quick glance towards the horizon confirmed dawn was too close for us to escape unseen.<br><br>'When I say, we're going to break cover and run for the teleporter. You got that?'<br><br>'Wait!' He said frantically. 'It's surrounded! We'd never make it through them.'<br><br>'This decoy will distract them.' I replied as I set the timer and launched the device as far as I could away from the teleporter and our position. I held my breath, hoping the Oratan hadn't seen where it originated from. The decoy activated and the Oratan howled as they charged towards it.<br><br>'Now!' I hissed, shoving the man to his feet. We raced for the teleporter and had nearly reached it when the Oratan noticed us. They turned and brought their weapons to bear as I leapt onto the pad and programmed the coordinates to Celeste Harbour. As the machine activated the Oratan released a hail of fire and I was knocked to the ground as a shot smashed through my armour and into my shoulder. We disappeared into the light and emerged at Celeste Harbour, a cry of agony bursting from my lips.<br><br>With my other arm I reached for the FAP at my side. Soon the wound would be just another scar. I had plenty already, and one more gained saving a life was a trade I'd willingly make any day of the week.]]>
		</description>	
		
	</entry>
