<?xml version="1.0" encoding="utf-8"?>

	<entry name="Arkadian Chronicles" title="Diary of Milton Lee" date="18 Sept 3007" time="2307 hrs" source="Transcript of Milton Lee's personal Voice log" location="Unknown" template="text" resourcesFolder="ogg/images/">
	
		<description>
		<![CDATA[So suddenly there appears to be evidence of sentient life in the universe other than humanity and those damn robots. Possible wrecked ships, ruined remains of surface structures and, most incredibly, a signal transmitted to a supposedly undetectable space probe protected by a highly advanced encryption shield. Amazing. The mind boggles to consider the possibilities. You'd think such an important discovery would be instantly released. But how long does it take for the military to release this information to proper scientists who might actually know how to do something with it?<br><br>4 WHOLE DAYS!<br><br>Apparently it took those meat-heads in the Military's Science Division THAT LONG to realise that they had no chance to decrypt a new type of signal all by themselves and FINALLY work out that someone else would have to do it for them. And here I am, me, Milton Lee who holds doctorates in three separate fields of science. I, who as a boy was invited to commence higher education at an age when my peers were still struggling to read. I, the man who optimised the equations for the Advance Wormhole Jump Drive, allowing ships to travel 23% quicker along wormholes. Here I am, clearly the most brilliant scientist of the century, maybe the millennium. But do they ask me?<br><br>NO!<br><br>No, they release it to the entire world and offer a reward for the person who can crack it. Now I have to compete with people who can barely count without using their fingers and toes for my right to one of the greatest discoveries since mankind first learnt how to travel amongst the stars. It was released two days ago and this is the first time I've been home from the lab. Even then I had to walk since I've run out of mind essence. I'm sure I'm close to working this out.* If I'd been allowed to buy the gear I'd asked for years ago, or if the military had accepted my application, I'd have access to the right equipment and I would have cracked it by now. Ignorant recruitment psychologist!* What right did he have to say I was psychologically unsuited to the military and block my application? Well, despite their determination to stop me, I'll show them. Then all those who have forgotten about me will come grovelling back.<br><br>The Military should have consulted me about the signal before releasing it to the world. Everyone knows that I am the leading expert in real and sub-space physics, so surely it doesn't take that much brainpower to believe that I could help. I feel like I'm wasting time resting while some mud-brained excuse for a scientist could be about to stumble across a solution and take credit for what should rightfully be mine.<br><br>I can almost understand how those fools thought they might actually be able to decrypt the signal. To people with their ability it wouldn't seem to be that different from the sort of technology that we currently use. But it's obvious to me at a glance there's nothing simple about it. It's transmitted using energy variation technology similar to our communicators, which means that it should have been relatively easy to create a device to hone into the correct frequency and analyse the properties, and inevitably lead to a solution. However, it seems to work on some higher level of applied physics, so how any equipment not designed to receive it managed to do just that is beyond comprehension. Unless the device that transmitted the signal is somehow self-regulated to a level that it can adjust to Celeste's unique protection codes, which definitely should be impossible. And yet, all the laws of physics seem to be preserved, working within the same restrictions that we ourselves observe.<br><br>Even stranger, the source of the transmission could not be derived. Perhaps it is shielded in some way, but I am beginning to suspect that the signal itself could be constantly changing, perhaps by some mathematical sequence unknown to humans or via some kind of self aware virus. But how is it possible to change recorded information without the transmitting or receiving object undergoing even a minute physical change? According to our current technology, that simply isn't possible. Yet I'm looking at proof that it is. The signal seems to generate the command to change itself. I can understand why such a thing might be done but I still can't understand how.<br><br>Obviously whoever created this Signal has a greater understanding of physics than humans or robots do. I am forced to admit that their understanding and obvious expertise is vastly superior even to my own. They work in a direction that we're not used to, that we haven't even thought of up until now. I wish I could get a hold of whatever was transmitting the signal. If I was able to see the technology that created it, I'm sure I could make huge advances in other fields as well. Whoever it is, they must be hugely advanced in other areas as well. Power generation? Communications? Weapons? Who knows what else?<br><br>I managed to get a copy of the military's classified recordings and noticed their interest in the compounds of a debris field around the planet. Thinking that it might pertain in some way to The signal I had a look myself and grudgingly find I have to agree with the Military Science Division. They obviously haven't gone far enough though.<br><br>There are definitely the remains of a lot of wrecked star ships circling that planet.* It doesn't surprise me that the military haven't noticed that the unusual compounds can be classified into two entirely different groups. The smaller of these groups contains traces of elements found in the planet's atmosphere and are therefore likely native to this planet, while the larger group is almost certainly from elsewhere. There is only one plausible reason that I can think of for there being so many derelict ships: a battle of titanic proportions took place above this planet.<br><br>But none of that proves to be of any help in decrypting The signal. My head aches from trying to think of a solution and the lack of sleep over the past two days is certainly not helping.* But how can I relax knowing that each minute I sleep takes me away from such vital research? I think I should try to get a few hours sleep and get back to the labs. Hopefully I'll wake up with some new insight that unravels this whole mystery.]]>
		</description>	
		
	</entry>
