<?xml version="1.0" encoding="utf-8"?>

	<entry name="Arkadian Chronicles" title="Arkadia Rising" date="11 Dec 3007 " time="0723 hrs " source="Unknown" location="Main Base, Planet Arkadia" template="text" resourcesFolder="ogg/images/arkadia/chronicles/">
		<resource thumb="_img11.jpg" file="img11.jpg" type="image"/>
		<description>
		<![CDATA[A peal of thunder split the air as a dozen drop ships entered the atmosphere, each smashing through the sound barrier as it made its descent. Toán Harvir stood on a nearby hill accompanied by a single platoon, watching. The ships spread out in perfect formation as they flew along their designated vectors. As they arrived at their assigned release points they cut loose their enormous cargos. Once released, the huge assembly modules plummeted towards the surface and crashed into the ground with a shower of dirt and rock. Then the ships were gone, turning and climbing steeply along their individual flight paths back into space. Before the dust had settled, another wave of drop ships approached along the same vector, this time carrying several hundred technicians and engineers as well as the platoons of troops assigned to protect them. With experience gained from hundreds of insertions into hostile territory, the pilots expertly landed and the troops rapidly deployed around the area. Thirty minutes later, with military precision, the next wave carrying construction equipment and tools descended towards the peninsula.<br><br>Harvir nodded with satisfaction. The initial deployment of troops a week earlier had gone just as smoothly. The scouts were the first to land, securing the landing zone, and they were soon followed by the main body of the Fleet's troops. Harvir had been among them, choosing to command from the ground where he could respond quickly to changing circumstances. He'd always felt that a leader should lead from the front, and he would never order troops into danger that he wasn't willing to face himself. Perhaps it wasn't the safest or smartest course of action, but his attitude earned the respect of the troops, which he'd always considered a critical element of effective command.<br><br>Harvir had wanted to be sure the area was completely secure before he ordered the construction to begin on the main base. It had taken a week to satisfy him that the area was sufficiently under the control of his troops. He had first identified the area as a potential landing site when he had seen the original images sent back to Earth by the space probe Celeste. The view from orbit only confirmed his thinking; the peninsula was an ideal position to create a foothold on the surface. Its natural choke point was easily defendable and could be protected by a single fortified position.<br><br>The base itself was positioned on the side of a hill next to a spring that fed a cascading waterfall. This would ensure the base had a secure supply of fresh water and, once the enormous turbines were installed, would also provide them with all the power they would need. The elevation of the base gave them a good view of every possible approach. The drop ships had delivered the modules to create a Forward Operating Base a little higher up the peninsula, to be used as a fortified command post. VTOL aircraft had manipulated the modules into place with astounding accuracy. Harvir had witnessed it from the ground, eager to see the first real test of the newly designed deployment system. It was a remarkable sight and he had been highly impressed by what he had seen.<br><br>Several squads of scouts had reported sightings of some humanoid beings, but so far there had been no engagements. It had only been an hour since he ordered construction of the main base to begin, which had initiated this flurry of action on the surface. Already the technicians were scrambling over the giant modules like a swarm of ants. Following a complicated procedure they started the activation sequences, beginning the process of automating the deployment. Harvir knew that the next few days would be filled with the sound of tools and equipment. Once completely deployed, the modules would join together to create the skeleton of the buildings that would form the main base for all the Fleet's surface activities. Local materials would be required to finish the buildings, but simple sheeting over the framework would provide ample shelter for his troops to begin with. The success of the initial phase of the operation had given Harvir the confidence to proceed to this current phase.<br><br>From his vantage point atop the nearby hill, Harvir took a moment to scan the surrounding landscape, eyes searching the gently forested slopes that rolled away from the base. The surrounding land was a patchwork of green and brown that contrasted sharply against the sparkling blue of the ocean in the distance. He could hear the constant dull roar of the waterfall below him, which couldn't quite drown out the sounds of construction from the base. On the plains below a platoon was coming into view, returning from patrolling the area, every man alert as they approached the base.<br><br>To the North, he could make out the fortified command post's heavy turrets. The weapons looked formidable even to his battle-hardened troops. Harvir realised he had conflicting feelings of wanting to see what such fearsome weapons were capable of, while at the same time hoping that the fort would never be threatened to the point where they were needed. No sooner had this realisation occurred to him when the sudden deep booming of those turrets carried clearly to him through the crisp morning air. Great,he thought, I launch the ground crews and immediately we have contact. Now we're caught with our pants down.<br><br>'Lieutenant Moshane,' he said, turning to the platoon commander beside him, 'I want a contact report from that fort immediately.'<br><br>A sudden cry from below interrupted the Lieutenant's reply. Harvir's head whipped around as he looked back down towards the returning platoon. They were surrounded by a small band of creatures that were closing in quickly. How did they get so close? Harvir wondered to himself. 'Get some support down there!' Harvir yelled to Moshane, even though he knew that one way or another, the engagement would be over by the time reinforcements arrived. Like all the troops with the Fleet, the patrol was well trained and had reacted instantly, moving into defensive positions. Weapon fire erupted from both parties at the same time. The ambush was so close that Harvir could hear the platoon's Lieutenant bellowing orders between the bursts of gunfire. The skirmish was over almost before it had begun. Several of the creatures had fallen in the attack and the rest were retreating into the forest. Two men had been knocked off their feet but they were already getting up again, their armor having protected them from any real harm. Although they had encountered these beings that Harvir assumed were Oratan, they had seen nothing this close to the base previously. It was disconcerting, and Harvir knew that he was going to have to increase the patrols in the area. If one band had managed to slip through unnoticed then there could be more. Even though the platoon had dealt with them easily, the Oratan would have done a lot more damage to an inexperienced or less prepared force. They seemed to have reasonably advanced firearms, but their body armor was far more primitive. If this attack was any indication, they didn't have a good grasp of tactics either. The assault could have been so much more effective. Not seeking cover had been a suicidal move by the Oratan, throwing their lives away as if they meant nothing.<br><br>'Lieutenant, I want this base so secure that a bug can't get in unnoticed before the civilians arrive in a week's time. It seems these Oratan want to play after all.' Harvir said. He couldn't help wondering, did they really have so little idea about tactics? Or were they merely testing the discipline and capability of his troops?]]>
		</description>	
		
	</entry>
