<?xml version="1.0" encoding="utf-8"?>

	<entry name="Arkadian Chronicles" title="Report from Arkadia" date="15 Jan 3008" time="0049 hrs" source="Transmitted from Arkadia" location="Unknown" template="text" resourcesFolder="ogg/images/">
	
		<description>
		<![CDATA[<b>To:</b> Admiral's Office, Federal Imperial Navy Headquarters, Space Station Vigilant<br><b>From:</b> Commodore Harvir, Officer Commanding, Liberation Fleet, Arkadia.<br><br>Situation Report of Liberation Fleet, Planet Arkadia.<br><br>1) Establishment of a main base, named Celeste Harbour in honour of Celeste Space Probe, has gone according to plan. Construction of all facilities remains on schedule. A large hydro turbine bank has been built on the waterway adjacent to the base. This will provide the base with all its power requirements. The Fleet HQ building is completed and operational, and all military staff involved in the planning of ground based missions have been relocated to this central building. Initial civilian complexes are currently under construction. The Archaeological Society's HQ has been completed, as well as a museum for early discoveries of artifacts. Further civilian buildings are under construction.<br><br>2) Liberation Fleet ground forces have experienced a series of conflicts with a hostile species since making planetfall. Upon initial contact with the species, our forces were attacked and forced to respond with lethal force. On each subsequent contact, these beings have not responded to any form of communication and have attacked without provocation on every occasion. We have taken minor casualties but, despite the aggression, our forces have not been seriously threatened by these attacks. There is nothing to suggest that our forces are in significant danger as long as current security measures are maintained.<br><br>3) All attacks to date have been easily repelled due to the poor tactics used by the hostile forces. They rarely attack when they have the advantage and, when they do, it appears to be coincidental. Groups of these beings range from a single squad to a half platoon in size. Their weapons are marginally inferior to our own, reflecting a technology substantially inferior to that used to create The Signal. Although our scientists are yet to finish examining the entire range of captured technologies, early results indicate that these hostile beings are either no longer capable, or have never been capable, of developing such advanced technology.<br><br>4) A number of actions have been implemented in response to the sporadic assaults from hostile forces. As well as patrols and troops positioned to defend key strategic military points, rapid-deployment Forward Operating Bases are under construction to serve as firebases. Two of these have been completed: Resolute Firebase and Relentless Firebase, which guard the main approach to Celeste Harbour. A significant effort has been made to establish defences for all areas, particularly those that will be used primarily by civilians, such as archaeological Digs and mining camps.<br><br>5) On this continent, Sentosa, twelve ruins of interest have been identified by the archaeologists accompanying Liberation Fleet. It is planned that each of these will have an archaeological Dig nearby, with six already established and construction at the remaining sites progressing. The members of the Archaeological Society, most notably Dr Sundari Zhen, have been conducting an exploration of the remnants of Arkadian society, searching for any clues that could help us understand what happened to the race that once inhabited the planet. The first established Dig, named Mamba Dig by Dr Zhen, is the site where several artifacts were discovered. It is understood that these are already highly sought after by a number of different parties with vested interests. At this stage the only civilian site to have been attacked is Kestrel Dig, in the south west. Contact reports from the platoon stationed there indicate that the automated defences easily held off the assault with no human casualties.<br><br>6) Due to the limited number of archaeologists who accompanied Liberation Fleet, the progress of learning about the Arkadian people has been slow. There are further indications that the Arkadians were humanoid and likely led a more tranquil life then either Humanity or the race that invaded their planet. Unfortunately, so far there has been less technology discovered than expected. Even if the Arkadians were defeated by the race identified as Oratan by The Signal, there should be more technology remaining. This has created speculation that the ruins on the planet are much older than first thought. By extension, how many years have passed since the war between the two races was underestimated. Any remaining artifacts may well remain hidden or buried, waiting to be discovered. It is recommended that assistance for the Archaeological Society be recruited from among the colonists aboard Fleet Arkadia.<br><br>7) A significant area of land has been allocated on the west coast for mining with a major camp established by the various mining companies in the mountain range at this location. The area was chosen due to the incredible abundance of minerals in the region, with some of the richest mineral veins discovered anywhere throughout human controlled space. The camp, called 8 Coins, is rapidly developing into a small township. The mining in this region represents a significant step forward in the development of the planet as the materials from these shafts will aid in the construction of cities, forts and other infrastructure all over the planet. As such, a large proportion of the miners that accompanied Liberation Fleet have chosen to set up at this facility, with the remaining miners spread amongst several other promising sites across Sentosa.<br><br>8) The location of 8 Coins is surrounded by high mountains, which is challenging as transportation of minerals is a logistical problem. It is not advisable to transport large quantities through the recently constructed teleporter as this may cause overloading of the network. The mountain highlands are a harsh landscape, restricting the use of heavily laden ground vehicles and leaving air transportation as the only effective option. However, as of this date, it is the best area for mining on Sentosa. The 8 Coins development will remain under the administrative control of the mining consortiums, but a full company of troops has been deployed to guard the facility. The difficult land approaches make for an easily defendable position against ground attacks.<br><br>9) A second area of land has been claimed on an island off the north coast of Sentosa by a private group, who are responsible for creating a settlement they call Sanctuary Cove. This has been established entirely without military aid, providing their own security force for the protection of the people there. The effectiveness of this protection has so far proven satisfactory, perhaps because the only threat is from native creatures. At this point the true nature of the island is unknown, as it has not been thoroughly explored and there seems to be no explanation for the absence of hostile forces. The intentions of the individuals at Sanctuary Cove remain unknown to IFNS HQ on Arkadia and they are being monitored by Fleet Intelligence. The island is quickly attracting others who wish to be free of the restrictions placed by the military.<br><br>10) Patrols have so far encountered two native creatures which they have had to destroy when attacked. Xenobiologists have studied and named these animals, which are reported to be both highly territorial and aggressive. The Kamaldon has armour plating as strong as steel protecting its head, a single large horn and a spiked tail. The Kiana resembles a large Earth tiger. Swift and silent when it moves, it is a creature built to kill with efficiency. Due to the threat that these and other creatures may pose to individuals, as well as ongoing attacks from hostile forces, it is highly recommended that the colonists of Fleet Arkadia are trained in survival and self defence skills prior to their arrival.<br><br>11) Despite the dangers stated above, the progress of development on Arkadia indicates a likely successful conclusion to this operation. Development of the planet is exceeding expectations and the continuation of the operation is warranted. It is suspected now that the Arkadian peoples who called for help did not survive the Oratan invasion and so it is believed that Humanity is free to colonise Planet Arkadia.<br><br>Original Signed by:<br><br>Commodore Toán Harvir<br><br>Officer Commanding<br>Liberation Fleet<br>Arkadia Area of Operations ]]>
		</description>	
		
	</entry>
