<?xml version="1.0" encoding="utf-8"?>

	<entry name="Arkadian Chronicles" title="Finding Sundari" date="17 Sept 3007" time="1106 hrs" source="Unknown" location="Somewhere in a desert" template="text" resourcesFolder="ogg/images/arkadia/chronicles/">
		<resource thumb="_img03.jpg" file="img03.jpg" type="image"/>
		<resource thumb="_img04.jpg" file="img04.jpg" type="image"/>
		<description>
		<![CDATA[The sound of the arriving craft drowned out everything else as it settled a short distance away from the habitation module in Sundari Zhen's camp. It had barely stopped, sending up a cloud of dust, when two men emerged. A man in a Federal Imperial Navy uniform approached in a dignified manner, followed by a stumbling man who was nevertheless immaculately attired. Their manner indicated they were high ranking personnel, which made Sundari wonder why they had travelled hundreds of kilometres into the desert to talk to her.<br><br>When she had first heard their approach across the barren desert, she had hurriedly washed her face and arms of the dirt and grime of her morning's work. By the time the men made their way toward her she was covered in dust again, with fresh trails of perspiration running down her face. No amount of dirt and sweat, however, could ever have masked her natural beauty. She smiled warmly at the men. The visit was unexpected, but she thought she could make a guess at the reason.<br><br>'Miss Zhen?' the man in the military uniform asked.<br><br>'That's me,' Sundari replied.<br><br>'You are a difficult woman to find", he said, somewhat irritably. 'We had to transit by air instead of teleporting to your …'<br><br>'Miss Zhen,' the civilian man broke in, 'we need to talk to you about a matter of some urgency.'<br><br>She glanced between the two men, bemused. 'Of course. Lets get out of this heat and you can tell me about it.'<br><br>They made their way inside the module and through the interior, where various benches were filled with an assortment of bones and artefacts. Even though each item was labelled, they didn't seem to follow any sorting system that either of the men recognised. Sundari noticed them looking around at the mess as she guided them to a central table.<br><br>'Sorry about this. The patterns help me think.'<br><br>The men shared a brief puzzled glance then just nodded politely, as she quickly cleared room on the table. They seated themselves as the civilian man cleared his throat.<br><br>'Miss Zhen, would you be able to tell us how you came to be in this line of work?'<br><br>Sundari paused for a second to think. She was not shy despite the question coming from complete strangers, and likely influential ones at that. She knew that since they had come a long way to find her they probably knew her background better than she did. So she answered with more detail than she usually would, guessing that they were looking for something more specific from her.<br><br>'When I was a little girl my parents would frequently have drawn out disputes. Both worked hard to maintain a basic standard of living for us and eventually the strain would show in periods of violence. During those times I would live with my Grandmother and she would fascinate me with tales from hundreds of years ago. I always yearned to learn more and would read every night on a wide range of topics, but usually history about ancient civilisations and cultures. I guess you could say that sparked my interest in archaeology, because I wanted to learn more than was already documented.* But to truly understand the history, I found I needed to understand people as well, how they thought and what drove them. Not just the people around me but everyone throughout history. I wanted to know how cultures had developed. That is why I also went on to study psychology and anthropology, which has become a passion for me.'<br><br>'So you would consider yourself to be an expert on mapping the progression of civilisation?'<br><br>'Not really,' she laughed easily, 'I've only explored a fraction of earth's historical cultures. Even with old records I can't be sure if I'm always on the right track. But I can make a decent educated guess.'<br><br>'With your qualifications you could easily work within the government sector. Why do you choose to work out in remote locations?'<br><br>Because there are so many ancient civilisations on the streets of cities, Sundari thought, amused by the question. Seeing the serious expressions on their faces quickly strangled her sense of humour. It seemed important to these men to find out about her and her work.<br><br>'I have to admit that I enjoy the challenge. I like proving that I can survive in the wild like our ancient ancestors did. Also, I like how quiet it is out here. There's none of the bustle that you find in the populated centres. I like to get away from the attention when I can.'<br><br>The men were silent for a moment. From the way their eyes glazed briefly she could tell that they were communicating via their implants.<br><br>'You recently sent a report to the Archaeological Society regarding the newly discovered planet by Celeste Space Probe. You postulated that it was inhabited by not only a sentient species but one that is quite possibly humanoid in nature. Do you still stand by your conclusions?'<br><br>She frowned, then stopped when she realised she'd done it. Her Grandmother had always said not to frown. It makes you age quicker, Gran would say. Sundari had extrapolated a little from what she had seen of the pictures released to the public, all of which were taken from space and not as detailed as she would have liked. Yet the placement, size and shape of the settlements across the world seemed to indicate these beings had similar needs and requirements to humans. The specifications of the planet even supported the likelihood of a biological evolution similar to Earth's. Certainly, the ruins she had seen were different from Earth's own cities and towns but there were enough similarities to suggest that this species could have physical characteristics that resemble those possessed by humans. None of this was concrete proof, but a large number of minor details had harmonised within her mind that she was certain.<br><br>'Yes. Yes, I do stand by my conclusions.'<br><br>'Your background brings a different perspective not shared by the Archaeological Society. Is there some way you can prove your conclusions?' the civilian man pressed.<br><br>'Not from here, no.' Sundari paused, an idea taking shape in her mind. She added quickly, 'I would need to go and see the ruins for myself and examine any relics and artefacts I can find to be sure. Unless, of course, the original inhabitants are still there.'<br><br>She had meant the last part as a joke, but the two men just stared straight at her for a long moment. Suddenly the uniformed man cast a triumphant sideways glance at his civilian counterpart and spoke for only the second time since they had met.<br><br>'Miss Zhen, the Federal Empire itself cannot ignore the possibility of another sentient, intelligent species existing on another planet. We are here to request you be a part of the initial fleet sent to investigate this planet.'<br><br>Sundari's breath caught. The possibilities were almost too much to contemplate. The fact that her report could result in such an offer being made hadn't ever occurred to her.<br><br>'When?'<br><br>'You'd better pack your bags. We leave for Space Station Vigilant as soon as you are ready.' ]]>
		</description>	
		
	</entry>
