<?xml version="1.0" encoding="utf-8"?>

	<entry name="Arkadian Chronicles" title="Before The Dawn" date="24 Dec 3007" time="1641 hrs" source="Unknown" location="Briefing Theatre Main Base, Planet Arkadia" template="text" resourcesFolder="ogg/images/">
	
		<description>
		<![CDATA['That concludes the brief. Are there any questions about the details of this mission or the tasks you've been assigned?' said Captain Chiharo, addressing the officers packed into the briefing theatre of the Fleet's new headquarters on Arkadia.<br><br>Her voice was clear and precise as she answered questions. She then directed some of her own questions at randomly selected officers, testing them to ensure everyone understood their orders correctly. Harvir sat in the front row, trying to gauge the response of the troops behind him, as Captain Chiharo concluded the brief. She had spent the last hour explaining the objectives of each company in detail. Harvir had devised the plan with his senior ground combat specialists over the last week and this morning he had made the decision to put it into action.<br><br>This phase of the operation was centred on the need to establish fortified positions throughout the mountainous area in the centre of the continent. These Firebases would be critical in maintaining control and security as the troops gradually expanded their influence through the region and would also provide the civilians with protection as they established their assorted camps. This was especially important, since the Government back on Earth had announced that it was assembling a new fleet to bring colonists to Arkadia. The Firebases would provide secure access to future sites useful for colonial growth.<br><br>They would also provide protection for strategic sites. Scans from orbit had hinted that the high mountain ranges to the west would likely contain rich mineral deposits. Mining this area would be essential to producing materials required for construction all across the planet. Just as importantly, the mission just briefed would open the door to establishing Archaeological Digs at many of the ruins. It was vital to learn as much about the Arkadian race as possible and discover what had happened to them.<br><br>Captain Chiharo paused once she'd finished, making sure that everything had been covered. 'At this stage we will maintain only a light presence in the desert region in the south of the continent and the jungle areas in the north. We must first secure our primary objectives through the centre of the continent and ensure a solid infrastructure is in place. You have your orders; see that they're carried out.'<br><br>As the men and women around Harvir rose to leave he was unable to suppress a small smile of pride. He knew the troops would follow orders perfectly; they were hastily assembled as the Fleet was prepared, but they represented the best Earth had to offer. The challenging thought crossed his mind that they might be even better than his previous command, something that until now he'd always considered impossible.<br><br>Harvir waited as the officers filed out of the theatre, nodding his approval to Chiharo as she left. He was glad for a moment of respite, even if it was only for a minute. Any spare time he should have had was taken up by meetings with representatives from the different civilian groups, all asking to be allowed to go into the wilderness to begin their projects. He'd explained to them countless times that it was in their best interests that the areas were secured first by the military, but the civilians seemed to be willing to ignore the potential dangers. Even Harvir found that he was beginning to feel more confident, as every indication so far suggested that the hostile forces they had encountered to date weren't a serious threat.<br><br>He was getting ready to leave when someone slipped through the doors. He glanced around and sighed with relief when he recognised Dr Zhen. She constantly amazed him; she was incredibly resourceful, helping out in all kinds of ways and was fast becoming one of the better known faces around the base. Her ability to calm irate civilians had become invaluable to Harvir.<br><br>'So, have you finally gotten sick of Professor Lee's attention, or have the mining companies enlisted you to help them? They're constantly trying to convince me to let them go digging holes all over the countryside,' he said, smiling.<br><br>'Well there was a group of miners and a couple of scientists waiting to ambush you as you left, but I flushed them out and sent them packing. I could fetch them back if you want, tell them you're about to collapse under the pressure and will give in to their demands if they try once more?' She replied, her mouth twitching into a smile that spoilt her attempt at a serious tone. Not many people talked to Harvir that way anymore. They saw him only as the Fleet Commander, which was necessary for the most part, but he found that he enjoyed having at least one person who talked to him normally.<br><br>'Please no, anything but that!' He said in mock horror. 'I think I'd rather be attacked by enemy forces than face that lot again.' His face screwed up. 'Actually, if I make them wait much longer, there may be no difference.'<br><br>'They understand your reasons, they are just frustrated,' Sundari reassured him. 'Have the scientists had any luck yet tracing the origination point of The Signal?'<br><br>'No. It seems to just cycle around the planet, seemingly coming from nowhere and everywhere. We don't even know if these hostile beings we've encountered are truly our enemies. But as my father would say, "there's no such thing as friendly fire." If they shoot at us, does it matter who they are?' He sighed heavily. 'Anyway, I've been meaning to speak to you, but first, what was it you wanted?'<br><br>'Actually,' Sundari said, looking apologetic, 'I wanted to talk to you about when we are going to get access to the ruins. We want to get out there and start learning everything we can about the Arkadians. I'm asking on behalf of the miners and scientists too, I had to promise that I would to get them to leave. Everyone's getting restless. I hope this briefing is a good sign?'<br><br>'Yes. The troops will move out at dawn tomorrow, to establish Firebases across the continent. Assuming that everything goes to plan, you should start to have access to some of the ruins in a few days. We're going to have a problem with transport though; all our VTOLs and ground vehicles are going to be used to support the troops, which is why I wanted to talk to you. You've been busy helping all the different groups that came with us on the Fleet, which has been very helpful. You have contacts within each group, so I think that you understand everybody's needs better than anyone else. Dr Zhen—'<br><br>'Toán, how many times do I have to tell you? Call me Sundari.'<br><br>'—Sundari, I'd like your advice on the positioning and deployment of the teleporters we brought with us.'<br><br>'I'd love to, but why me? Surely all the teleporters will be vital to your strategy?'<br><br>'The larger models will be, yes, but they will be at the major sites and Firebases. I have decided to make the smaller model teleporters available to the civilians, particularly the Archaeological Society. We came here to help the Arkadians, so finding out what happened to them is a priority. You certainly know which ruins you need to focus on better than I do, so you'll know where to place them to be most effective. And the other civilians will respond better to you. Why use a sword when a smile will do?'<br><br>Sundari laughed. 'Another thing your father says?'<br><br>'No actually, but I think he would have agreed,' Harvir admitted, a fleeting look of sadness passing across his face.<br><br>'Would have?'<br><br>'My parents died a long time ago. They were killed.'<br><br>'Oh no! What happened?'<br><br>'They got caught in the middle of a gang war. They were killed for being in the wrong place at the wrong time. Losing them is what eventually drove me to join the military. The men and women of the Navy are my family now.'<br><br>'Oh Toán. I am so sorry.' Sundari said, genuinely touched that he had chosen to confide in her.<br><br>'Thank you, but that's in the past. We have to focus here and now. Will you work with my staff to develop a deployment plan for the teleporters? The civilians seem to think that I'm doing everything I can to hinder them, but they'll see you differently.'<br><br>'Of course. I'll be glad to help.'<br><br>'Good. Thank you, it will make my work a lot easier. I will make sure you get all the necessary information about our inventory, the locations that need to be joined to the network and the requests I've had. There are also the plans that were generated by the scientists while in orbit, as well as your own report on priority areas.' Harvir stood slowly and stretched.<br><br>'Now, you'll have to excuse me,' he continued, 'there's a small mountain of paperwork that requires my attention. Our intelligence indicates that tomorrow should go well, but that doesn't mean it can't turn ugly in a hurry. I can't shake a horrible feeling I'm missing something vital about these hostiles.']]>
		</description>	
		
	</entry>
