<?xml version="1.0" encoding="utf-8"?>

	<entry name="Arkadian Chronicles" title="Converging Paths" date="01 Oct 3007" time="0915 hrs" source="Unknown" location="Federal Imperial Navy HQ, Space Station Vigilant" template="text" resourcesFolder="ogg/images/arkadia/chronicles/">
		<resource thumb="_img16.jpg" file="img16.jpg" type="image"/>
		<description>
		<![CDATA['Commodore Harvir?' Milton Lee asked.<br><br>Harvir turned at the sound of the voice, expecting to see yet another clerk rushing to give him some final notes before the briefing. Instead he found himself facing the scientist who had decrypted The Signal. He was easily recognisable since the media had seen fit to broadcast his face at every available opportunity, along with the extract of the decrypted Signal. Harvir hadn't realised Lee was on Vigilant, but he was almost certain there was no way that Lee could have arrived here uninvited.<br><br>'Yes?'<br><br>'I'm Milton Lee; I'm the one who cracked The Signal.'<br><br>'Yes, I recognise you. How can I help you?' Harvir asked, wanting to get to the point. There were only a few minutes before the briefing and he didn't want to be late.<br><br>'Congratulations on your new command.' Harvir immediately tensed at Lee's words; few people outside the Admiral's office knew of his request to lead a fleet to the planet Arkadia. Fewer still knew that his request had been granted and his command reinstated. 'Since you're the Fleet commander, I'm sure you know that I'm going to be joining you on your journey, but I've—'<br><br>'How do you know about this?' Harvir said sharply.<br><br>'—been led to believe that I'm going to be assigned to the IFNS Newton,' Lee continued, ignoring the question. He smiled ingratiatingly. 'I'm sure you will agree this arrangement just isn't acceptable. How am I supposed to work surrounded by all the idiots on the scientific research vessel? I must be on the Flagship.'<br><br>Harvir stared incredulously at Lee, unable to believe what he was hearing. 'Professor Lee, I don't know how you found out what ship you've been assigned to or even how you got on this station. However, if you are to be a part of this Fleet, you'll go on your assigned ship or you'll go strapped to the hull. This is a military operation and all civilian scientists will be aboard Newton or one of her sister ships.'<br><br>'Look, you need me on your ship, Commodore,' Lee said, annoyed that Harvir had not instantly agreed. Didn't Harvir understand how important he was? 'I was the only one who was able to decrypt The Signal. I will be the only one able to understand any technology we discover there. We're bound to make some advances in weapon technology, I'm sure I could see to it that you get one of the first prototypes?' He offered, smiling unconvincingly.<br><br>'I'm going to pretend I didn't hear you say that,' Harvir growled with a dangerous glint in his eyes. At his look, even Lee realised that he had overstepped a boundary by trying to deal with the Commodore in such a way.<br><br>He opened his mouth to try and salvage something from the conversation but his attention was wrested away by the approach of two people. One was a junior officer, but the other was a remarkable looking woman dressed in civilian clothing. He dismissed any thoughts of Harvir from his mind. Noticing Lee's distraction, Harvir turned just as the young officer stopped to introduce the woman to them both.<br><br>'Commodore Harvir, Professor Lee, this is Doctor Sundari Zhen. She is an expert in the fields of archaeology and anthropology. She will be accompanying you on the Fleet,' the officer said after saluting Harvir. Having completed his task, he turned and left, leaving the three alone.<br><br>'And this mission was supposedly classified,' Harvir mumbled under his breath.<br><br>There was a brief moment of awkward silence as nobody quite knew what to say. Sundari was the first to recover, flashing the two men a smile.<br><br>'Hi,' she said, offering her hand in greeting.<br><br>Harvir stepped forward to shake her hand but was beaten to it as Lee brushed past.<br><br>'Good afternoon Miss, I'm Professor Milton Lee. I'm the one who decoded The Signal. I must say how glad I am to hear that such a beautiful and intelligent woman as yourself will be accompanying us,' Lee said as he stepped forward and kissed Sundari's extended hand. 'Perhaps we will get a chance to discuss this new species during the journey? I do consider myself something of an expert.'<br><br>'That would be interesting,' Sundari said as she reclaimed her hand. 'My colleagues and I would be keen to hear your thoughts on how technology could have altered the course of cultural development on Arkadia. It's something that I'm sure we'd all like to hear.'<br><br>Harvir fought to stop himself from rolling his eyes at Lee's poorly hidden attraction to Sundari, but couldn't stop a wry smile of amusement forcing its way across his face at how subtly she was able to deflect Lee's attention. No doubt such exchanges were nothing new to her. Hell, he thought, I can hardly blame Lee. But this woman has her head screwed on right.<br><br>He was still struggling to understand why these civilians were even on Vigilant, and apparently being included in the Fleet. It wasn't his decision, but he felt he should have been informed since he would be responsible for these people once the Fleet launched. Harvir suspected the decision may be politically motivated, but there was little he could do if the Admiral had already approved it.<br><br>'I don't know how much research either of you are going to be able to do. This is a military mission; we're not sure what we're going to encounter when we get there.' Harvir said with a sideways glance at Lee. 'All Celeste has seen is ruins, so we're not even sure if this message is current. If it is, we might be busy trying to save the Arkadians.'<br><br>'Either way suits me fine,' Sundari said easily, appearing equally happy with either prospect. 'I've always enjoyed studying Earth's various ancient cultures and ruins. I think that it'll be even more exciting to study another species' culture. And if the Arkadians are still there, I'd be happy to help them. From what I've surmised so far, they are a lot like us.'<br><br>'One thing I've learnt from the front lines is that things are often not as they seem, Doctor Zhen,' Harvir said, his natural instincts making him cautious. 'That will be even truer when dealing with a species we've never encountered before.'<br><br>'Ha, science can find the answer to anything.' Lee said, seemingly annoyed at being left out of the conversation and determined to reassert himself.<br><br>Sundari nodded agreement at Lee before responding to Harvir. 'Maybe so, but we'll have to work that out when we get there,' Sundari replied. 'Whatever motivates us, we all agree the risks are acceptable or we wouldn't be going. There is the possibility of it being dangerous, yes, but we believe what we will discover will make it worthwhile.' Harvir held her eye a second before giving her a slight nod. She smiled inwardly; recognising that he also knew the risks involved but was willing to accept her assessment of the situation. She was relieved to find the man who would command the Fleet was prepared to listen to her and to respect her opinion.<br><br>Just as Lee opened his mouth to impose his thoughts, an announcement was broadcast throughout the space station, informing everyone they had only a few minutes to be seated for the media briefing. Harvir turned and led his two companions into the briefing theatre to hear what the Admiral would say.<br><br>'Ladies and gentlemen, we have called this media conference in response to the request for help contained within The Signal we received from the planet known as Arkadia. Though we lack resources immediately to hand, the Government has decided to offer whatever support it can muster. Today I am announcing the formation of a new taskforce, called Liberation Fleet. When ready, this Fleet will launch for Planet Arkadia, to provide assistance where possible.'<br><br>The Admiral's voice drifted into a low background buzz in Sundari's ears as she became lost in her thoughts. There was one question she noticed that hadn't been asked so far about the message; who, or what, were the Oratan?]]>
		</description>	
		
	</entry>
