<?xml version="1.0" encoding="utf-8"?>

	<entry name="Arkadian Chronicles" title="The Last Stand" date="8 Apr 3008" time="1834 hrs" source="Unknown" location="Valiant Firebase" template="text" resourcesFolder="ogg/images/arkadia/chronicles/">
		<resource thumb="_img17.jpg" file="img17.jpg" type="image"/>
		<description>
		<![CDATA[Lieutenant Chan snarled as he slammed another clip into his weapon. He raised his rifle and fired from point blank range into the Oratan leaping at him. In one smooth motion, he shifted his aim and shot a second creature that was charging behind the first. Out of the corner of his eye, he spotted another enemy taking aim at him and he quickly dived to the side. The Oratan's shots whistled over his shoulder as Chan rolled onto one knee and shot it through the head before the creature could readjust its aim.<br><br>Quickly glancing around to check he wasn't in any immediate danger, he continued on towards the Command Post as he'd been ordered. The fighting was different now, as the Oratan had stopped attacking in the numberless, uncoordinated hordes that had characterised their initial assaults. Instead, they attacked with smaller, better armed and more dangerous forces. It had become vital to pick targets carefully as some of the new creatures wore heavier armour and were noticeably harder to take down, shrugging off ordinary rifle fire with ease. They also carried lethal weapons capable of piercing most military armours. The defensive turrets were powerful enough to kill these tougher creatures, but their programming struggled to identify between deadly Oratan and their less dangerous brethren. They had been positioned to target outwards from the walls, leaving any enemies that made it inside the Firebase for the troops to deal with.<br><br>'Lieutenant!' Called a voice through his transmitter. 'We have another wave incoming.'<br><br>Chan acknowledged the report as he sprinted the remaining distance to the Command Post, staying low. He found the Base Commander just outside, holding a hurried conversation with Ky Fung, leader of the Security Force from Sanctuary Cove. When the attack had begun hours earlier, a call had been made to Celeste Harbour requesting reinforcements, but IFN Headquarters had replied that Valiant's garrison was on its own because all reserve forces had already been committed elsewhere. They had been preparing to evacuate when Fung and her force had arrived. Nobody had wanted to ask how she'd known that Valiant needed support.<br><br>'Sir, there's another wave of them about to hit us and the Oratan still control sections of the southern wall. With the defences compromised, more of them will make it inside the base this time,' Chan reported.<br><br>'Dammit! We won't hold for long if they penetrate the base in force. I'm going to begin the withdrawal and save as many lives as we can,' the Base Commander said.<br><br>'Sir, with all due respect, if we leave now we may never recapture this Firebase. We need to hold.'<br><br>'It's not your decision, Lieutenant. I'm ordering—'<br><br>He was cut off as an Oratan burst around the corner of the Command Post and charged the group, firing as it ran. Several shots flew past Chan's head, so close he could feel the wind of their passing. The Base Commander was not so lucky, his head exploding in a bloody spray of gore. Fung swore and leapt forward, executing a graceful pirouette that decapitated the creature with a precise slash of her blade.<br><br>'Didn't quite catch what those orders were,' Fung said conversationally, as she wiped her blade clean. 'You're second in command of this circus, aren't you Lieutenant? Do we stay and fight, or are we going to run away with our tails between our legs?'<br><br>Chan frowned at her for a second before activating his personal transmitter. 'All units, this is Lieutenant Chan. The Base Commander is dead. I'm assuming command. Hold your positions. We must hold this base.'<br><br>He cut the transmission and looked at Fung. 'That's what you wanted to hear, wasn't it?' He challenged her, but Fung's only answer was a feral grin.<br><br>He turned at a roar from the southern wall. Oratan were already forcing their way past the embattled defenders and storming into the base. Clenching his teeth, Chan ran to join the nearest squad of troops, firing as he moved. He was intercepted by an Oratan wielding a looted blade but he ducked under the creature's wild swing and blew a hole through its chest before it could gut him. He shouted to the squad, ordering them to create a secondary perimeter facing south, to counter the Oratan that were streaming over the wall.<br><br>Chan lost track of time in the maelstrom of blood and bullets. The Oratan died in droves all around him, but slowly his troops fell as well, weakening the defences further. Screams coming from the enemy outside told him the turrets were still doing their deadly work, for which he was thankful. But they weren't enough to stem the tide and if the turrets failed, the defenders wouldn't stand a chance. Leaning out of cover, he snapped off a few quick shots before dodging back out of sight.<br><br>He waited a moment before repeating the manoeuvre, but as he did a large fist closed around his weapon, wrenching it from his grasp, and Chan suddenly found himself face to face with a huge armoured Oratan. It tossed Chan's weapon aside and reached for him, but he dived low and rolled away, drawing his knife at the same time. Leaping close, he viciously slashed at the creature's chest, grunting with surprise as his blade skidded off its armour.<br><br>Chan dodged to the side, adrenaline pumping through his veins, but couldn't find an opportunity to get clear or land a killing blow. He evaded another massive blow and hacked at the creature's elbow but still couldn't do any damage. Step by step, he was driven backwards until he was forced against a wall. He waited, breathing hard, knowing that he would only get one chance to avoid the next swing and escape.<br><br>There was a blur of steel behind the Oratan and with lightning quick strikes, Fung's flashing blade sliced through the creature's unprotected heel and knee, hamstringing it. Then, with an almost contemptuous gesture, she drove the point of her blade deep into its neck, severing its spinal cord.<br><br>'You had enough yet, Soldier Boy?' She asked, taunting Chan as he leaned against the wall, panting as he caught his breath.<br><br>'We're not beaten yet,' he growled, retrieving his weapon from the ground. A quick glance showed that the Oratan were wresting control of the walls. Worse, his remaining troops were now cut off from the teleporter. They were no longer fighting to hold the Firebase but merely to survive; there was no possibility of retreat now.<br><br>'All units rally at the Command Post!' He said into his transmitter, running to meet them. The defenders would be able to hold out there for a while, but the Firebase was effectively lost. It was a delaying tactic, but with so few troops remaining, it was their best hope of survival. He heard a sudden howl and snapped his head around to find an Oratan charging straight at him. He raised his weapon and pulled the trigger.<br><br>He froze as he heard a faint click.<br><br>He was out of ammunition.<br><br>Time seemed to slow as he looked into the Oratan's wild eyes, knowing there was no escaping the shot about to burst forth from the creature's weapon.<br><br>Suddenly, a laser beam pierced the air, hitting the charging Oratan full in the face. It took Chan a moment to register that he was still alive. As his exhausted mind tried to work out what had happened, it occurred to him that none of his troops had been issued with laser weapons. He spun around and found himself looking into the face of a girl he'd never seen before.<br><br>'Where the hell did you come from?' Chan blurted, shocked by the sight of her.<br><br>'Where do you think, silly?' The girl laughed at him, her voice sounding like silvery chimes. Before he could reply, a shot blasted through her chest.<br><br>'No!' He screamed, catching her falling body, even though he knew she was already dead.<br><br>As he gently lowered her to the ground and scrambled for cover, Chan realised he could hear lots of laser weapons discharging all around him. He looked around to see dozens of militia pouring through the teleporter.<br><br>'Did you miss me?' Asked a voice from behind him.<br><br>'What?' Chan turned and once again found himself facing the girl with the voice like chimes. 'How is that possible? I just saw you die!'<br><br>'Revival network, of course. Honestly, don't you ever look up?' The girl said, laughing at him. 'The Commodore wouldn't let us down until it was set up. We came down as soon as we could, but he says it will take even longer to get the interplanetary teleporter network set up.'<br><br>Chan stared at her, struggling to comprehend what she was saying, before slowly raising his eyes to the sky. There, hovering far above the Firebase, was the welcome shape of an IFN frigate.<br><br>Fleet Arkadia had arrived.]]>
		</description>	
		
	</entry>
