<?xml version="1.0" encoding="utf-8"?>

	<entry name="Arkadian Chronicles" title="To Risk The World" date="22 Sept 3007" time="Unknown" source="Unknown" location="Milton Lee's laboratory" template="text" resourcesFolder="ogg/images/arkadia/chronicles/">
		<resource thumb="_img05.jpg" file="img05.jpg" type="image"/>
		<description>
		<![CDATA['But you can't connect The Signal to the global network!' Milton Lee's assistant repeated as he followed the professor around the laboratory, much to Lee's annoyance. 'We barely know anything about this signal,' he continued. 'Even the Military refer to it as just The Signal. For all we know it could be transmitting a virus. If we connect it to the network it could infect the whole planet! It would be the same as what the Robots did a few years ago.'<br><br>'Don't be such a coward!' Lee snapped. 'When have I ever been wrong? We both know I've successfully developed an algorithm that will decrypt The Signal, given time. We know it hasn't harmed the laboratory's internal systems. Even you agree this isn't anything the Robots could've produced! Stop worrying.' Lee returned his attention to his work.<br><br>'But Professor, testing it within the laboratory is a completely different situation, with a lot less at stake than exposing it to the global network!'<br><br>Lee slammed the tool he was using onto the desk. He knew he was close and shouldn't have to tolerate such questioning from a mere assistant. 'Rubbish! We've already heard audio from The Signal thanks to the adapter I built. So we know that they're trying to talk to someone, whoever they are. But we can't understand it. We must assume it's in their language.' Distracted by this last thought, he continued to himself. 'The problem is there's no context, no key to unlock the meaning. How can we translate it? The Signal is so advanced — surely it can translate itself? Yes, I'm sure it can, if we give it the chance. And when I give it access to the global network, which contains all of our language, it will have its own decryption key.' He glared back at his assistant. 'It will work. It has to.'<br><br>'Please, Professor Lee, listen to me,' his assistant pleaded. 'It could be disguised that way to invite us to translate it. What if The Signal was meant to be a weapon? Something designed to cripple enemy technology, and we're the enemy? Even if it's not, it could still damage our systems beyond repair, because it's not compatible. We don't understand the technology that produced it. We—'<br><br>'You may not understand it, but I do.' Lee cut him off. He had not stopped glaring at his assistant, and now his expression hardened further as he picked the tool up again. 'The risks are acceptable considering what there is to gain. Imagine the technology I could develop,' he said. 'There, I've finished upgrading the adapter. Now we shall see what The Signal has to say.'<br><br>Before his assistant could interrupt further, Lee activated the adapter and connected it to the global network. He quickly turned his attention to the display to watch a detailed readout. It was hard to work out exactly what was going on, but it was clear that The Signal was spreading itself. Lee experienced a moment of panic, realising that maybe his assistant could have been right. If he was, it would destroy Lee's reputation. But The Signal wasn't doing anything malicious; it just seemed to be searching for something. Lee reassured himself that his assistant would have to be wrong as he would struggle to outthink a gerbil.<br><br>The laboratory systems began relaying information around the room, alerting Lee to any changes in the recording. Sounds that could only be an alien language emitted from the room's audio projectors. Minutes dragged into hours without any noticeable change. Finally, Lee's assistant spoke up, with relief in his voice.<br><br>'Professor, it isn't working. Thankfully there doesn't seem to be any harm to our systems or the global network. I told you this would be a monumental risk for no reward. It was just a long shot in the dark, a—'<br><br>'QUIET!' Lee shouted suddenly. 'Listen! There! Do you hear that?'<br><br>Through the jumble of alien sounds, Lee had heard a word he understood. He leapt from his seat. His plan was working. He listened carefully and after a while recognised other words. Slowly but surely The Signal was translating itself.<br><br>Time seemed to pass quickly as Lee sat listening late into the night. Even his assistant was sitting in captivated silence. Small sections of The Signal were translated, enough that they could now understand some of its contents. The voice was musical with soft feminine tones. It was a voice neither were likely to forget.<br><br>The Signal was almost half translated before it abruptly stopped. The rest remained incoherent. Lee didn't understand why yet, but for the moment he didn't care. What he'd already heard was beyond his wildest dreams.<br><br>He was Milton Lee, the Greatest Scientist of all time. With pride, he listened again to the sections translated so far.<br><br>I exist as Sal'diresh, last remaining Knight of the world Arkadia. Hopeless is our chance of survival. Those that remain exist here at Artalia, both final bastion for hope and final despair for the people of Arkadia. Any beings to hear, we ask please. Help us.<br><br>From starting, the beings whose name they gave as Oratan, came to this world. Sought not they to trade or learn. They did seek only to steal and kill. We met with them above the skies. We met with them on the land. Limits numbers had they. But led by the Knights, with technology of Arkadia superior, the people did hope.<br><br>Lee reviewed and then transmitted the translated sections to the Military. After a moment of thought, he decided to defy the conditions of the Government's reward and sent it to multiple media outlets as well. He sat back and marvelled at his work. He had done it. For centuries to come he'd be recognised for the genius he was; the man who'd connected humanity with this new sentient species. All that remained now was to investigate why the second half had not decrypted itself. That would surely be a breeze. After all he had achieved, nothing could stop him regaining the recognition that was rightfully his.]]>
		</description>	
		
	</entry>
