<?xml version="1.0" encoding="utf-8"?>

	<entry name="Teladon" runicName="3,5" type="Animal" found="Arkadia" health="2000 - 5200" damage="80 - ??" template="mob" resourcesFolder="ogg/images/arkadia/mobs/">
	
		<damageTypes stab="33%" cut="33%" impact="33%"/>
		<!-- types: image, flash, video -->
		<resource thumb="_teladon.jpg" file="teladon.jpg" type="image" show="on"/>
		<resource thumb="_teladon2.jpg" file="teladon2.jpg" type="image"/>
		<resource thumb="_teladon3.jpg" file="teladon3.jpg" type="image"/>
		<dna code="2,3,1,3,2,1,2,1,1,0,1,3,1,3,3,3,1,1,2,1,1,1,3,1,0,2,2,3,0,1,3,1" dnaAperture="90"/>
		<description>
		<![CDATA[Well adapted to a desert environment, the Teladon seems to have little in the way of protective features, perhaps relying on its sheer bulk and incredibly thick hide to discourage attack.<br><br>A slow, ambling creature, the Teladon appears less hazardous than it is, and it is advised to prepare carefully before coming within close range of one of these large beasts.]]>
		</description>	
		<loot>
		<![CDATA[<font size="-3"><font color="#F7CD00">Loot (information is gathered by players and might be incorrect):</font><br>Adaptive Fire Rate Component  <font color="#B62E69">[common, MU 100.34%]<br></font>Advanced Cloth Extractor  <font color="#B62E69">[uncommon, MU 121.91%]<br></font>Advanced Strategic Combat Processor  <font color="#B62E69">[uncommon, MU 101.74%]<br></font>Advanced Target Assessment Unit  <font color="#B62E69">[uncommon, MU 299.38%]<br></font>Animal Adrenal Oil  <font color="#B62E69">[common, MU 100.44%]<br></font>Animal Eye Oil  <font color="#B62E69">[very often, MU 100.77%]<br></font>Animal Hide  <font color="#B62E69">[often, MU 100.50%]<br></font>Animal Liver Oil  <font color="#B62E69">[common, MU 102.21%]<br></font>Animal Oil Residue  <font color="#B62E69">[very often, MU 100.26%]<br></font>Animal Pancreas Oil  <font color="#B62E69">[common, MU 101.68%]<br></font>Animal Spleen Oil  <font color="#B62E69">[rare, MU 105.71%]<br></font>Animal Thyroid Oil  <font color="#B62E69">[very often, MU 100.58%]<br></font>Basic Leather Extractor  <font color="#B62E69">[uncommon, MU 106.23%]<br></font>Basic Metal Extractor  <font color="#B62E69">[extremely rare, MU 229.19%]<br></font>Basic Scanning Sensor  <font color="#B62E69">[common, MU 105.62%]<br></font>Basic Target Assessment Unit  <font color="#B62E69">[uncommon, MU 142.67%]<br></font>Basic Wood Extractor  <font color="#B62E69">[extremely rare, MU 149.17%]<br></font>Blazar Fragment  <font color="#B62E69">[very often, MU 23397.00%]<br></font>BLP Pack  <font color="#B62E69">[common]<br></font>Cetus Thigh Guards (L)  <font color="#B62E69">[uncommon, MU 102.88%]<br></font>Corria Timber  <font color="#B62E69">[common, MU 102.16%]<br></font>Empty Skill Implant (L)  <font color="#B62E69">[uncommon, MU 486.97%]<br></font>Enhanced Metal Extractor  <font color="#B62E69">[uncommon, MU 521.73%]<br></font>Explosive Projectiles  <font color="#B62E69">[common, MU 101.32%]<br></font>Fine Wool  <font color="#B62E69">[common, MU 102.47%]<br></font>GYRO FAP-60 (L)<br>Herman CAP-202 Arctic (L)  <font color="#B62E69">[MU 124.58%]<br></font>High Definition GUI Component  <font color="#B62E69">[common, MU 100.31%]<br></font>Infrasound Emitter Component  <font color="#B62E69">[rare, MU 105.95%]<br></font>Light Weapon Cells  <font color="#B62E69">[often]<br></font>Nova Fragment  <font color="#B62E69">[very often, MU 1380.12%]<br></font>Output Amplifier Component  <font color="#B62E69">[rare, MU 238.52%]<br></font>Paint Can (Dark Blue)  <font color="#B62E69">[rare, MU 105.94%]<br></font>Paint Can (Dark Lavender)  <font color="#B62E69">[uncommon, MU 165.37%]<br></font>Paint Can (Green)  <font color="#B62E69">[common, MU 100.73%]<br></font>Paint Can (Mauve)  <font color="#B62E69">[uncommon, MU 103.17%]<br></font>Paint Can (Orange)  <font color="#B62E69">[uncommon, MU 103.06%]<br></font>Paint Can (Steel Blue)  <font color="#B62E69">[uncommon, MU 140.02%]<br></font>Paint Can (Violet Cream)  <font color="#B62E69">[common, MU 100.28%]<br></font>Perseus Foot Guards (L)  <font color="#B62E69">[extremely rare]<br></font>Second-Rate Cloth Extractor  <font color="#B62E69">[uncommon, MU 105.27%]<br></font>Socket I Component  <font color="#B62E69">[common, MU 100.67%]<br></font>Socket II Component  <font color="#B62E69">[very often, MU 100.06%]<br></font>Socket III Component  <font color="#B62E69">[common, MU 100.11%]<br></font>Socket IV Component  <font color="#B62E69">[very often, MU 100.18%]<br></font>Socket V Component  <font color="#B62E69">[rare, MU 100.22%]<br></font>Socket VI Component  <font color="#B62E69">[rare, MU 100.56%]<br></font>Socket VII Component  <font color="#B62E69">[rare, MU 100.61%]<br></font>Soft Hide  <font color="#B62E69">[common, MU 100.95%]<br></font>Super Charger Component  <font color="#B62E69">[uncommon, MU 105.02%]<br></font>Superior Cloth Extractor  <font color="#B62E69">[extremely rare, MU 304.08%]<br></font>Surface Toughness Component  <font color="#B62E69">[common, MU 104.73%]<br></font>Teladon Hide  <font color="#B62E69">[common, MU 100.43%]<br></font>Thin Wool  <font color="#B62E69">[common, MU 103.54%]<br></font>Tier I Component  <font color="#B62E69">[common, MU 100.03%]<br></font>Tier III Component  <font color="#B62E69">[uncommon, MU 123.00%]<br></font>Tier VI Component  <font color="#B62E69">[rare, MU 115.81%]<br></font>Weapon Cells  <font color="#B62E69">[very often]<br></font>Wool  <font color="#B62E69">[common, MU 101.27%]<br></font></font>]]>
		</loot>		
	</entry>
