<?xml version="1.0" encoding="utf-8"?>

	<entry name="Tiarak" runicName="3,5" type="Animal" found="Arkadia" health="130 - 900" damage="?? - ??" template="mob" resourcesFolder="ogg/images/arkadia/mobs/">
	
		<damageTypes/>
		<!-- types: image, flash, video -->
		<resource thumb="_tiarak.jpg" file="tiarak.jpg" type="image" show="on"/>
		<resource thumb="_tiarak2.jpg" file="tiarak2.jpg" type="image"/>
		<resource thumb="_tiarak3.jpg" file="tiarak3.jpg" type="image"/>
		<dna code="2,1,1,0,2,0,1,1,2,0,0,1,1,1,0,2,1,2,0,1,0,0,3,3,2,0,1,1,1,1,1,2" dnaAperture="140"/>
		<description>
		<![CDATA[The Tiarak walks on hind legs while possessing upper limbs that are capable of grasping objects.<br>However, for defence it relies upon spines down length of its spine and shoulders.<br><br>Although reasonably harmless at low maturities, the elder creatures are a much greater threat to any fledgling hunter.]]>
		</description>	
		<loot>
		<![CDATA[<font size="-3"><font color="#F7CD00">Loot (information is gathered by players and might be incorrect):</font><br>Advanced Mineral Extractor  <font color="#B62E69">[uncommon, MU 886.09%]<br></font>Animal Eye Oil  <font color="#B62E69">[often, MU 100.77%]<br></font>Animal Hide  <font color="#B62E69">[common, MU 100.50%]<br></font>Animal Oil Residue  <font color="#B62E69">[common, MU 100.26%]<br></font>Animal Thyroid Oil  <font color="#B62E69">[MU 100.58%]<br></font>Basic Electronic Fluid Memory  <font color="#B62E69">[uncommon, MU 100.66%]<br></font>BLP Pack  <font color="#B62E69">[often]<br></font>Corvus Arm Guards (L)<br>Corvus Foot Guards (L)  <font color="#B62E69">[MU 118.06%]<br></font>Corvus Gloves (L)<br>Electronic Stabilizing Component  <font color="#B62E69">[uncommon, MU 100.13%]<br></font>Explosive Projectiles  <font color="#B62E69">[common, MU 101.32%]<br></font>Hekia Timber  <font color="#B62E69">[common, MU 102.29%]<br></font>Herman ASI-20 (L)  <font color="#B62E69">[rare, MU 110.12%]<br></font>Herman ASI-20 Desert (L)  <font color="#B62E69">[MU 108.69%]<br></font>Herman ASI-20 Smuggler<br>High Definition GUI Component  <font color="#B62E69">[uncommon, MU 100.31%]<br></font>Interactive Simplifier Component  <font color="#B62E69">[uncommon, MU 100.43%]<br></font>Light Weapon Cells  <font color="#B62E69">[often]<br></font>Miluca Timber  <font color="#B62E69">[rare, MU 112.30%]<br></font>Nova Fragment  <font color="#B62E69">[often, MU 1380.12%]<br></font>Paint Can (Green)  <font color="#B62E69">[common, MU 100.73%]<br></font>Paint Can (Navy)  <font color="#B62E69">[uncommon, MU 134.50%]<br></font>Paint Can (Pink)  <font color="#B62E69">[MU 126.37%]<br></font>Paint Can (Violet Cream)  <font color="#B62E69">[uncommon, MU 100.28%]<br></font>Socket I Component  <font color="#B62E69">[MU 100.67%]<br></font>Socket II Component  <font color="#B62E69">[uncommon, MU 100.06%]<br></font>Soft Hide  <font color="#B62E69">[uncommon, MU 100.95%]<br></font>Superior Cloth Extractor  <font color="#B62E69">[MU 304.08%]<br></font>Thin Wool  <font color="#B62E69">[uncommon, MU 103.54%]<br></font>Tiarak Hide  <font color="#B62E69">[often, MU 124.04%]<br></font>Tier I Component  <font color="#B62E69">[uncommon, MU 100.03%]<br></font>Wool  <font color="#B62E69">[uncommon, MU 101.27%]<br></font></font>]]>
		</loot>		
	</entry>
