<?xml version="1.0" encoding="utf-8"?>

	<entry name="Yuka" runicName="3,5" type="Animal" found="Arkadia" health="3000 - 7800" damage="126 - 250" template="mob" resourcesFolder="ogg/images/arkadia/mobs/">
	
		<damageTypes stab="33%" cut="33%" impact="33%"/>
		<!-- types: image, flash, video -->
		<resource thumb="_yuka.jpg" file="yuka.jpg" type="image" show="on"/>
		<resource thumb="_yuka2.jpg" file="yuka2.jpg" type="image"/>
		<resource thumb="_yuka3.jpg" file="yuka3.jpg" type="image"/>
		<dna code="2,3,2,1,0,0,1,2,2,1,3,2,1,2,2,0,1,2,3,1,1,0,0,1,2,1,3,0,2,2,1,2" dnaAperture="90"/>
		<description>
		<![CDATA[In its natural environment, the Yuka is royality.<br><br>A behemoth of a beast with immense strength and size, the Yuka has a thick hide and a plethora of bony prothusions to protect it from even the most experienced and well-equipped hunters.]]>
		</description>	
		<loot>
		<![CDATA[<font size="-3"><font color="#F7CD00">Loot (information is gathered by players and might be incorrect):</font><br>Animal Eye Oil  <font color="#B62E69">[often, MU 100.77%]<br></font>Herman CAP-202 Jungle (L)  <font color="#B62E69">[uncommon, MU 130.06%]<br></font>Miluca Timber  <font color="#B62E69">[common, MU 112.30%]<br></font>Paint Can (Black)  <font color="#B62E69">[extremely rare, MU 635.48%]<br></font>Wool  <font color="#B62E69">[very often, MU 101.27%]<br></font></font>]]>
		</loot>		
	</entry>
