<?xml version="1.0" encoding="utf-8"?>

	<entry name="Zadul" runicName="3,5" type="Animal" found="Arkadia" health="90 - 310" damage="21 - 42" template="mob" resourcesFolder="ogg/images/arkadia/mobs/">
	
		<damageTypes/>
		<!-- types: image, flash, video -->
		<resource thumb="_zadul.jpg" file="zadul.jpg" type="image" show="on"/>
		<resource thumb="_zadul2.jpg" file="zadul2.jpg" type="image"/>
		<resource thumb="_zadul3.jpg" file="zadul3.jpg" type="image"/>
		<dna code="2,2,0,0,1,1,1,0,2,1,3,1,1,2,1,1,3,2,3,0,2,1,3,2,1,3,2,3,3,2,2,1" dnaAperture="120"/>
		<description>
		<![CDATA[The Zadul is a biped that walks upright on its hind legs whiles possessing reasonable dexterity in its upper limbs.<br><br>Alone it does not constitute a great threat to any but the least experienced or unprotected colonists.<br><br>However, in numbers the Zadul can be quite dangerous.]]>
		</description>	
		<loot>
		<![CDATA[<font size="-3"><font color="#F7CD00">Loot (information is gathered by players and might be incorrect):</font><br>Advanced Mineral Extractor  <font color="#B62E69">[MU 886.09%]<br></font>Animal Eye Oil  <font color="#B62E69">[common, MU 100.77%]<br></font>Animal Hide  <font color="#B62E69">[common, MU 100.50%]<br></font>Animal Oil Residue  <font color="#B62E69">[often, MU 100.26%]<br></font>Basic Electronic Fluid Memory  <font color="#B62E69">[MU 100.66%]<br></font>Basic Strategic Combat Processor  <font color="#B62E69">[MU 108.00%]<br></font>Blazar Fragment  <font color="#B62E69">[common, MU 23397.00%]<br></font>BLP Pack  <font color="#B62E69">[common]<br></font>Canis Shin Guards (L)<br>Corria Timber  <font color="#B62E69">[uncommon, MU 102.16%]<br></font>Corvus Helmet (L)  <font color="#B62E69">[MU 108.97%]<br></font>Electronic Stabilizing Component  <font color="#B62E69">[common, MU 100.13%]<br></font>Explosive Projectiles  <font color="#B62E69">[MU 101.32%]<br></font>Fine Hide  <font color="#B62E69">[MU 107.81%]<br></font>Herman ARK-10 Desert (L)  <font color="#B62E69">[rare, MU 115.00%]<br></font>Interactive Simplifier Component  <font color="#B62E69">[MU 100.43%]<br></font>Paint Can (Dark Purple)  <font color="#B62E69">[MU 265.91%]<br></font>Paint Can (Green)  <font color="#B62E69">[common, MU 100.73%]<br></font>Paint Can (Navy)  <font color="#B62E69">[rare, MU 134.50%]<br></font>Paint Can (Violet Cream)  <font color="#B62E69">[MU 100.28%]<br></font>Socket I Component  <font color="#B62E69">[common, MU 100.67%]<br></font>Socket II Component  <font color="#B62E69">[common, MU 100.06%]<br></font>Thin Wool  <font color="#B62E69">[MU 103.54%]<br></font>Tier I Component  <font color="#B62E69">[often, MU 100.03%]<br></font>Tier II Component  <font color="#B62E69">[MU 103.65%]<br></font>Weapon Cells<br>Wool  <font color="#B62E69">[MU 101.27%]<br></font>Zadul Hide  <font color="#B62E69">[often, MU 104.68%]<br></font></font>]]>
		</loot>		
	</entry>
