resource,x,y,size,depth,time,planet
Quil Sap,20098,17366,2,538,2011-12-15 10:45:54,Planet Arkadia
Garcen Grease,20020,17613,2,455,2011-12-15 10:47:32,Planet Arkadia
Lysterium Stone,20098,17713,3,481,2011-12-15 10:48:27,Planet Arkadia
Quil Sap,20125,17722,4,378,2011-12-15 10:50:19,Planet Arkadia
Lysterium Stone,20173,17704,5,514,2011-12-15 10:50:21,Planet Arkadia
Lysterium Stone,20159,17615,5,439,2011-12-15 10:52:47,Planet Arkadia
Quil Sap,20153,17653,2,573,2011-12-15 10:53:26,Planet Arkadia
Lysterium Stone,20144,17509,5,524,2011-12-15 10:54:53,Planet Arkadia
Lysterium Stone,20204,17487,3,615,2011-12-15 10:56:25,Planet Arkadia
Lysterium Stone,20263,17641,3,525,2011-12-15 10:58:06,Planet Arkadia
Lysterium Stone,20270,17715,5,547,2011-12-15 10:59:28,Planet Arkadia
Azur Pearls,20504,17578,3,524,2011-12-15 11:03:17,Planet Arkadia
Edres Resin,20315,17863,4,468,2011-12-15 11:07:33,Planet Arkadia
Lysterium Stone,20225,17863,5,635,2011-12-15 11:07:37,Planet Arkadia
Lysterium Stone,20242,18024,4,630,2011-12-15 11:15:40,Planet Arkadia
Quil Sap,20297,18220,2,530,2011-12-15 11:17:47,Planet Arkadia
Lysterium Stone,20208,18365,8,463,2011-12-15 11:20:19,Planet Arkadia
Lysterium Stone,20257,18595,3,586,2011-12-15 11:24:18,Planet Arkadia
Somin Tar,20282,18694,2,421,2011-12-15 11:25:34,Planet Arkadia
Alicenies Liquid,19929,18761,4,640,2011-12-15 11:27:30,Planet Arkadia
Somin Tar,19667,18777,7,353,2011-12-15 11:29:17,Planet Arkadia
Acid Root,19601,18722,2,311,2011-12-15 11:31:17,Planet Arkadia
Lysterium Stone,19096,18968,3,768,2011-12-15 11:35:03,Planet Arkadia
Lysterium Stone,17864,19412,11,617,2011-12-15 11:38:51,Planet Arkadia
Azur Pearls,17771,18134,2,515,2011-12-15 11:56:25,Planet Arkadia
Lysterium Stone,17767,18090,5,449,2011-12-15 11:56:28,Planet Arkadia
Lysterium Stone,17664,18074,3,469,2011-12-15 12:01:51,Planet Arkadia
Lysterium Stone,17510,18052,3,511,2011-12-15 12:03:26,Planet Arkadia
Lysterium Stone,17848,22277,3,597,2011-12-15 12:09:10,Planet Arkadia
Lysterium Stone,18304,22163,5,590,2011-12-15 12:11:50,Planet Arkadia
Quil Sap,18466,22183,2,535,2011-12-15 12:13:26,Planet Arkadia
Pel Crystals,18876,22285,2,537,2011-12-15 12:16:32,Planet Arkadia
Growth Molecules,19013,22296,4,542,2011-12-15 12:17:31,Planet Arkadia
Quil Sap,19561,22199,3,719,2011-12-15 12:23:06,Planet Arkadia
Lysterium Stone,19508,22189,3,579,2011-12-15 12:23:11,Planet Arkadia
Lysterium Stone,19649,22213,3,540,2011-12-15 12:24:39,Planet Arkadia
Lysterium Stone,19894,22091,3,503,2011-12-15 12:26:41,Planet Arkadia
Growth Molecules,19893,21988,3,382,2011-12-15 12:27:50,Planet Arkadia
Lysterium Stone,20007,21791,5,638,2011-12-15 12:29:12,Planet Arkadia
Lysterium Stone,20261,21814,9,334,2011-12-15 12:31:42,Planet Arkadia
Force Nexus,20246,21804,3,630,2011-12-15 12:32:26,Planet Arkadia
Lysterium Stone,20323,22006,3,357,2011-12-15 12:37:11,Planet Arkadia
Lysterium Stone,20363,22053,2,507,2011-12-15 12:38:31,Planet Arkadia
Lysterium Stone,20378,22013,3,527,2011-12-15 12:39:50,Planet Arkadia
Henren Stems,20370,22016,2,617,2011-12-15 12:40:25,Planet Arkadia
Dianthus Liquid,20531,21981,2,534,2011-12-15 12:42:57,Planet Arkadia
Force Nexus,20387,22186,3,619,2011-12-15 12:45:15,Planet Arkadia
Lysterium Stone,20363,22155,12,366,2011-12-15 12:45:23,Planet Arkadia
Force Nexus,20293,22266,3,334,2011-12-15 13:07:28,Planet Arkadia
Zolphic Oil,20461,22353,4,659,2011-12-15 13:09:10,Planet Arkadia
Lysterium Stone,20488,22313,4,469,2011-12-15 13:09:13,Planet Arkadia
Crude Oil,20541,22167,2,522,2011-12-15 13:14:11,Planet Arkadia
Crude Oil,20680,21912,3,485,2011-12-15 13:19:04,Planet Arkadia
Lysterium Stone,20668,21896,3,662,2011-12-15 13:19:07,Planet Arkadia
Lysterium Stone,23164,21148,3,383,2011-12-15 13:25:38,Planet Arkadia
Lysterium Stone,23356,21240,4,559,2011-12-15 13:27:49,Planet Arkadia
Crude Oil,31652,14118,4,460,2011-12-15 20:07:26,Planet Arkadia
Alferix Stone,31635,14046,5,523,2011-12-15 20:09:29,Planet Arkadia
Alferix Stone,31705,14144,11,588,2011-12-15 20:11:25,Planet Arkadia
Belkar Stone,31906,14152,4,598,2011-12-15 20:14:28,Planet Arkadia
Crude Oil,32004,14231,3,562,2011-12-15 20:16:14,Planet Arkadia
Crude Oil,32218,15187,1,296,2011-12-15 20:26:47,Planet Arkadia
Garcen Grease,32104,15928,1,133,2011-12-15 20:32:33,Planet Arkadia
Ospra Stones,32159,16415,2,5,2011-12-15 20:35:28,Planet Arkadia
Solis Beans,32311,16452,2,577,2011-12-15 20:38:06,Planet Arkadia
Iolite Stone,32250,16419,4,695,2011-12-15 20:39:34,Planet Arkadia
Typonolic Steam,12193,13994,2,654,2011-12-15 20:51:51,Planet Arkadia
Alferix Stone,11966,14250,4,403,2011-12-15 20:54:11,Planet Arkadia
Copper Stone,11897,14664,3,562,2011-12-15 20:58:56,Planet Arkadia
Quil Sap,11935,14757,3,496,2011-12-15 20:59:44,Planet Arkadia
Garcen Grease,11879,14908,4,599,2011-12-15 21:01:04,Planet Arkadia
Garcen Grease,11956,15000,3,467,2011-12-15 21:02:06,Planet Arkadia
Azur Pearls,11829,15101,2,381,2011-12-15 21:04:06,Planet Arkadia
Azur Pearls,11795,14605,3,476,2011-12-15 21:07:52,Planet Arkadia
Energized Crystal,11833,14351,4,626,2011-12-15 22:57:02,Planet Arkadia
Typonolic Steam,11826,14227,4,362,2011-12-15 22:58:15,Planet Arkadia
Florican Mist,11722,14185,2,447,2011-12-15 22:59:58,Planet Arkadia
Telfium Stones,11808,14201,5,390,2011-12-15 23:00:38,Planet Arkadia
Ignisium Stone,11712,14471,8,462,2011-12-15 23:02:44,Planet Arkadia
Quil Sap,11711,14656,3,537,2011-12-15 23:04:13,Planet Arkadia
Azur Pearls,11718,14775,3,610,2011-12-15 23:05:21,Planet Arkadia
Ospra Stones,11683,14816,4,476,2011-12-15 23:05:25,Planet Arkadia
Quil Sap,11725,14952,3,250,2011-12-15 23:07:00,Planet Arkadia
Somin Tar,11709,15042,3,479,2011-12-15 23:07:40,Planet Arkadia
Garcen Grease,11678,15185,3,518,2011-12-15 23:08:42,Planet Arkadia
Pel Crystals,11705,15249,3,599,2011-12-15 23:10:26,Planet Arkadia
Ospra Stones,11658,15252,3,517,2011-12-15 23:10:33,Planet Arkadia
Quil Sap,11681,15540,4,396,2011-12-15 23:12:13,Planet Arkadia
Garcen Grease,11699,15734,2,521,2011-12-15 23:13:38,Planet Arkadia
Ospra Stones,11710,15976,3,594,2011-12-15 23:14:57,Planet Arkadia
Garcen Grease,11674,16040,2,428,2011-12-15 23:15:54,Planet Arkadia
Alferix Stone,11655,16265,4,470,2011-12-15 23:17:55,Planet Arkadia
Ospra Stones,11608,16204,3,453,2011-12-15 23:19:19,Planet Arkadia
Ignisium Stone,11588,15953,3,636,2011-12-15 23:21:18,Planet Arkadia
Pel Crystals,11612,15596,4,859,2011-12-15 23:23:46,Planet Arkadia
Garcen Grease,11557,14888,2,538,2011-12-15 23:51:26,Planet Arkadia
Garcen Grease,11658,14790,3,630,2011-12-15 23:52:26,Planet Arkadia
Quil Sap,11563,14645,7,341,2011-12-15 23:53:40,Planet Arkadia
Pel Crystals,11565,14622,4,543,2011-12-15 23:53:55,Planet Arkadia
Ospra Stones,11689,14375,5,369,2011-12-15 23:56:26,Planet Arkadia
Florican Mist,11647,14282,3,670,2011-12-15 23:58:26,Planet Arkadia
Ospra Stones,11644,14117,9,588,2011-12-15 23:59:14,Planet Arkadia
Veda Stones,11665,14091,3,448,2011-12-15 23:59:42,Planet Arkadia
Typonolic Steam,11655,14058,3,353,2011-12-16 00:00:15,Planet Arkadia
Hydrogen Steam,11584,14280,2,471,2011-12-16 00:06:14,Planet Arkadia
Belkar Stone,11496,14352,3,585,2011-12-16 00:07:25,Planet Arkadia
Quil Sap,12703,21411,2,618,2011-12-19 11:23:31,Planet Arkadia
Azzurdite Stone,12661,21460,3,757,2011-12-19 11:24:35,Planet Arkadia
Hydrogen Steam,12586,21498,2,414,2011-12-19 11:25:34,Planet Arkadia
Xelo Haze,12518,21994,3,637,2011-12-19 11:36:19,Planet Arkadia
Alferix Stone,12556,22116,2,626,2011-12-19 11:37:31,Planet Arkadia
Hydrogen Steam,12584,22244,2,668,2011-12-19 11:38:25,Planet Arkadia
Veda Stones,12151,22079,5,755,2011-12-19 11:49:35,Planet Arkadia
Copper Stone,11832,21967,5,590,2011-12-19 11:52:20,Planet Arkadia
Edres Resin,11461,22016,3,901,2011-12-19 11:54:20,Planet Arkadia
Copper Stone,11470,21945,8,593,2011-12-19 11:54:28,Planet Arkadia
Veda Stones,10815,21805,3,548,2011-12-19 12:07:57,Planet Arkadia
Magerian Mist,11291,21277,2,555,2011-12-19 12:48:28,Planet Arkadia
Veda Stones,23247,28116,5,441,2011-12-19 12:55:46,Planet Arkadia
Hydrogen Steam,23148,28032,3,507,2011-12-19 12:57:47,Planet Arkadia
Zulax Stones,21352,27677,3,540,2011-12-19 13:03:39,Planet Arkadia
Cave Sap,21250,27759,2,653,2011-12-19 13:06:00,Planet Arkadia
Veda Stones,21107,27973,3,521,2011-12-19 13:10:28,Planet Arkadia
Ignisium Stone,20975,28018,3,608,2011-12-19 13:12:23,Planet Arkadia
Cave Sap,20813,28022,3,670,2011-12-19 13:23:58,Planet Arkadia
Iron Stone,20890,27991,3,593,2011-12-19 13:24:10,Planet Arkadia
Growth Molecules,20928,28106,2,490,2011-12-19 13:31:58,Planet Arkadia
Typonolic Steam,21163,28064,3,395,2011-12-19 13:33:46,Planet Arkadia
Zulax Stones,21126,28070,5,571,2011-12-19 13:33:49,Planet Arkadia
Melchi Water,20763,27645,13,469,2011-12-19 23:50:13,Planet Arkadia
Cave Sap,20721,27606,2,652,2011-12-19 23:51:16,Planet Arkadia
Iron Stone,20630,27560,3,553,2011-12-20 01:20:11,Planet Arkadia
Copper Stone,20439,27445,3,741,2011-12-20 01:22:06,Planet Arkadia
Solis Beans,20300,27455,2,424,2011-12-20 01:23:19,Planet Arkadia
Ignisium Stone,20192,27447,3,663,2011-12-20 01:25:00,Planet Arkadia
Veda Stones,20000,27388,6,414,2011-12-20 01:26:01,Planet Arkadia
Zolphic Oil,19792,27404,3,565,2011-12-20 01:27:45,Planet Arkadia
Veda Stones,19797,27441,4,407,2011-12-20 01:27:49,Planet Arkadia
Zolphic Oil,19604,27531,2,648,2011-12-20 01:29:46,Planet Arkadia
Copper Stone,19549,27598,4,504,2011-12-20 01:30:55,Planet Arkadia
Azur Pearls,19421,27488,2,559,2011-12-20 01:32:21,Planet Arkadia
Azur Pearls,19287,27570,3,499,2011-12-20 01:33:29,Planet Arkadia
Banite Stones,19266,27584,9,515,2011-12-20 01:33:32,Planet Arkadia
Zolphic Oil,19247,27551,2,399,2011-12-20 01:33:59,Planet Arkadia
Copper Stone,19070,27565,3,398,2011-12-20 01:38:30,Planet Arkadia
Solis Beans,19030,27602,4,624,2011-12-20 01:39:23,Planet Arkadia
Hydrogen Steam,18913,27672,4,553,2011-12-20 01:44:28,Planet Arkadia
Veda Stones,19026,27637,5,580,2011-12-20 01:45:40,Planet Arkadia
Henren Stems,18979,27740,2,546,2011-12-20 01:47:05,Planet Arkadia
Copper Stone,18980,27784,3,436,2011-12-20 01:47:09,Planet Arkadia
Banite Stones,18650,27986,5,612,2011-12-20 01:54:20,Planet Arkadia
