resource,x,y,size,depth,time,planet
Frigulite Stone,132876,90884,5,559,2010-12-31 23:59:59,Rocktropia
Frigulite Stone,131978,91690,3,601,2010-12-31 23:59:59,Rocktropia
Solis Beans,132018,91776,3,662,2010-12-31 23:59:59,Rocktropia
Crude Oil,133340,92792,9,773,2010-12-31 23:59:59,Rocktropia
Crude Oil,134240,83797,2,921,2010-12-31 23:59:59,Rocktropia
Lysterium Stone,133937,83910,3,428,2010-12-31 23:59:59,Rocktropia
Crude Oil,133833,83879,3,534,2010-12-31 23:59:59,Rocktropia
Crude Oil,3717,83832,2,782,2010-12-31 23:59:59,Calypso
Lysterium Stone,127708,93146,3,356,2010-12-31 23:59:59,Rocktropia
Lysterium Stone,127746,93199,5,535,2010-12-31 23:59:59,Rocktropia
Iron Stone,127788,93375,3,459,2010-12-31 23:59:59,Rocktropia
Lysterium Stone,129400,93250,5,326,2010-12-31 23:59:59,Rocktropia
Lysterium Stone,129448,92971,5,424,2010-12-31 23:59:59,Rocktropia
Crude Oil,129303,92977,3,651,2010-12-31 23:59:59,Rocktropia
Lysterium Stone,129294,92319,3,408,2010-12-31 23:59:59,Rocktropia
Belkar Stone,129110,92187,14,688,2010-12-31 23:59:59,Rocktropia
Alicenies Liquid,128733,91789,7,572,2010-12-31 23:59:59,Rocktropia
Alicenies Liquid,128904,91710,3,582,2010-12-31 23:59:59,Rocktropia
Force Nexus,36424,55568,2,664,2010-12-31 23:59:59,Calypso
Iron Stone,35728,55358,2,769,2010-12-31 23:59:59,Calypso
Cumbriz Stone,32329,38072,5,483,2010-12-31 23:59:59,Calypso
Iron Stone,31841,38126,7,672,2010-12-31 23:59:59,Calypso
Caldorite Stone,31885,38142,3,616,2010-12-31 23:59:59,Calypso
Cumbriz Stone,31631,38129,3,540,2010-12-31 23:59:59,Calypso
Crude Oil,30350,38015,2,678,2010-12-31 23:59:59,Calypso
Cumbriz Stone,30539,38112,5,507,2010-12-31 23:59:59,Calypso
Cumbriz Stone,30662,38134,3,317,2010-12-31 23:59:59,Calypso
Iron Stone,30944,38040,3,607,2010-12-31 23:59:59,Calypso
Cumbriz Stone,31700,37624,6,576,2010-12-31 23:59:59,Calypso
Blausariam Stone,31820,37652,3,572,2010-12-31 23:59:59,Calypso
Iron Stone,31901,37613,2,649,2010-12-31 23:59:59,Calypso
Terrudite Stone,32335,37462,11,703,2010-12-31 23:59:59,Calypso
Cumbriz Stone,32244,37377,3,486,2010-12-31 23:59:59,Calypso
Crude Oil,32045,37430,2,659,2010-12-31 23:59:59,Calypso
Iron Stone,31936,37405,3,691,2010-12-31 23:59:59,Calypso
Blausariam Stone,31848,37368,9,569,2010-12-31 23:59:59,Calypso
Crude Oil,31582,37338,2,666,2010-12-31 23:59:59,Calypso
Iron Stone,31057,37342,2,606,2010-12-31 23:59:59,Calypso
Angelic Grit,30906,37306,4,710,2010-12-31 23:59:59,Calypso
Angelic Grit,30782,37336,2,778,2010-12-31 23:59:59,Calypso
Cumbriz Stone,30772,37327,3,651,2010-12-31 23:59:59,Calypso
Cumbriz Stone,30623,37356,5,487,2010-12-31 23:59:59,Calypso
Crude Oil,30568,37129,3,798,2010-12-31 23:59:59,Calypso
Blausariam Stone,30181,36867,4,581,2010-12-31 23:59:59,Calypso
Crude Oil,30217,36570,3,645,2010-12-31 23:59:59,Calypso
Crude Oil,30143,35711,4,719,2010-12-31 23:59:59,Calypso
Lysterium Stone,30087,35691,3,533,2010-12-31 23:59:59,Calypso
Crude Oil,29497,35164,3,710,2010-12-31 23:59:59,Calypso
Lysterium Stone,29544,35161,4,682,2010-12-31 23:59:59,Calypso
Lysterium Stone,76041,91491,5,468,2010-12-31 23:59:59,Calypso
Azzurdite Stone,75690,92229,5,561,2010-12-31 23:59:59,Calypso
Lidacon Stones,19317,32023,5,630,2011-11-09 22:16:58,Planet Arkadia
Florican Mist,19309,32094,4,642,2011-11-09 22:17:30,Planet Arkadia
Alicenies Liquid,19302,31967,2,494,2011-11-09 22:18:45,Planet Arkadia
Lidacon Stones,19215,32164,8,477,2011-11-09 22:22:15,Planet Arkadia
Florican Mist,19221,32068,3,644,2011-11-09 22:23:07,Planet Arkadia
Lidacon Stones,19107,31842,9,686,2011-11-09 22:25:54,Planet Arkadia
Megan Stone,19066,31830,2,367,2011-11-09 22:26:07,Planet Arkadia
Quil Sap,18995,31861,3,468,2011-11-09 22:35:13,Planet Arkadia
Edres Resin,19026,31707,2,575,2011-11-09 22:44:47,Planet Arkadia
Lidacon Stones,18802,31497,5,692,2011-11-09 22:52:58,Planet Arkadia
Acid Root,19046,31482,3,594,2011-11-09 22:55:46,Planet Arkadia
Florican Mist,19411,31613,12,528,2011-11-09 23:00:47,Planet Arkadia
Acid Root,19638,31699,4,590,2011-11-09 23:05:03,Planet Arkadia
Edres Resin,19806,31686,2,600,2011-11-09 23:07:51,Planet Arkadia
Iolite Stone,19900,31698,3,636,2011-11-09 23:09:06,Planet Arkadia
Florican Mist,19994,31653,3,539,2011-11-09 23:10:46,Planet Arkadia
Banite Stones,20121,31664,3,505,2011-11-09 23:11:59,Planet Arkadia
Lysterium Stone,20039,31538,3,499,2011-11-09 23:17:41,Planet Arkadia
Edres Resin,20028,31499,3,502,2011-11-09 23:17:50,Planet Arkadia
Banite Stones,19891,31558,5,434,2011-11-09 23:19:36,Planet Arkadia
Edres Resin,19865,31518,2,457,2011-11-09 23:19:44,Planet Arkadia
Acid Root,19831,31586,2,694,2011-11-09 23:21:17,Planet Arkadia
Devil's Tail,19642,31547,2,608,2011-11-09 23:24:51,Planet Arkadia
Lidacon Stones,19390,31524,5,480,2011-11-09 23:27:07,Planet Arkadia
Lysterium Stone,19510,31453,2,646,2011-11-09 23:30:15,Planet Arkadia
Quil Sap,19747,31475,3,509,2011-11-09 23:32:46,Planet Arkadia
Banite Stones,19959,31492,4,530,2011-11-09 23:34:58,Planet Arkadia
Lidacon Stones,20221,31427,5,617,2011-11-09 23:37:42,Planet Arkadia
Lysterium Stone,20230,31589,3,520,2011-11-09 23:39:52,Planet Arkadia
Edres Resin,20229,31990,2,652,2011-11-09 23:48:23,Planet Arkadia
Florican Mist,20267,32014,3,416,2011-11-09 23:50:36,Planet Arkadia
Iolite Stone,20243,32049,3,574,2011-11-09 23:51:18,Planet Arkadia 