<?xml version="1.0" encoding="utf-8"?>
<!--

Contributions:

	Amethera LA - Capt. Spaulding
	Amethera Tps and Images - Sheilna

-->

<entries title="Tp,Rev,LA">

	<continent name="Amethera">

		<entry type="Revival point" X="28871" Y="55699"/>
		<entry type="Revival point" X="35252" Y="26819"/>
		<entry type="Revival point" X="37708" Y="27879"/>
		<entry type="Revival point" X="22134" Y="46846"/>
		<entry type="Revival point" X="21528" Y="46294"/>
		<entry type="Revival point" X="18475" Y="42416"/>
		<entry type="Revival point" X="18462" Y="45723"/>
		<entry type="Revival point" X="23988" Y="29074"/>
		<entry type="Revival point" X="29388" Y="35554"/>
		<entry type="Revival point" X="38814" Y="29510"/>
		<entry type="Revival point" X="23396" Y="27969"/>
		<entry type="Revival point" X="26727" Y="56274"/>
		<entry type="Revival point" X="25211" Y="31821"/>
		<entry type="Revival point" X="26933" Y="31902"/>
		<entry type="Revival point" X="22356" Y="35412"/>
		<entry type="Revival point" X="35618" Y="27952"/>
		<entry type="Revival point" X="34386" Y="32289"/>
		<entry type="Revival point" X="34528" Y="33335"/>
		<entry type="Revival point" X="33517" Y="36271"/>
		<entry type="Revival point" X="38748" Y="43185"/>
		<entry type="Revival point" X="23968" Y="26627"/>
		<entry type="Revival point" X="20365" Y="43133"/>
		<entry type="Revival point" X="18016" Y="38645"/>
		<entry type="Revival point" X="39132" Y="33374"/>
		<entry type="Revival point" X="38468" Y="31042"/>
		<entry type="Revival point" X="36079" Y="31069"/>
		<entry type="Revival point" X="40124" Y="36359"/>
		<entry type="Revival point" X="36508" Y="35271"/>
		<entry type="Revival point" X="36503" Y="35931"/>
		<entry type="Revival point" X="34729" Y="36316"/>
		<entry type="Revival point" X="33810" Y="37725"/>
		<entry type="Revival point" X="28844" Y="33549"/>
		<entry type="Revival point" X="31556" Y="35717"/>
		<entry type="Revival point" X="21389" Y="46947"/>
		<entry type="Revival point" X="31149" Y="31762"/>
		<entry type="Revival point" X="31044" Y="30027"/>
		<entry type="Revival point" X="28485" Y="31760"/>
		<entry type="Revival point" X="37192" Y="53596"/>
		<entry type="Revival point" X="18040" Y="35577"/>
		<entry type="Revival point" X="31690" Y="39440"/>
		<entry type="Revival point" X="37603" Y="39373"/>
		<entry type="Revival point" X="34555" Y="39380"/>
		<entry type="Revival point" X="22735" Y="39843"/>
		<entry type="Revival point" X="35744" Y="35160"/>
		<entry type="Revival point" X="27905" Y="45425"/>
		<entry type="Revival point" X="25945" Y="46820"/>
		<entry type="Revival point" X="23774" Y="45483"/>
		<entry type="Revival point" X="17988" Y="46676"/>
		<entry type="Revival point" X="29025" Y="51214"/>
		<entry type="Revival point" X="26917" Y="50742"/>
		<entry type="Revival point" X="18882" Y="64752"/>
		<entry type="Revival point" X="19014" Y="62285"/>
		<entry type="Revival point" X="19989" Y="60317"/>
		<entry type="Revival point" X="19307" Y="46593"/>
		<entry type="Revival point" X="26104" Y="60557"/>
		<entry type="Revival point" X="29065" Y="58784"/>
		<entry type="Revival point" X="36729" Y="33282"/>
		<entry type="Revival point" X="21773" Y="61321"/>
		<entry type="Revival point" X="31734" Y="59032"/>
		<entry type="Revival point" X="21860" Y="62348"/>
		<entry type="Revival point" X="18064" Y="59343"/>
		<entry type="Revival point" X="22669" Y="55640"/>
		<entry type="Revival point" X="19978" Y="54015"/>
		<entry type="Revival point" X="17763" Y="51732"/>
		<entry type="Revival point" X="28058" Y="57068"/>
		<entry type="Revival point" X="31163" Y="56602"/>
		<entry type="Revival point" X="26375" Y="54367"/>
		<entry type="Revival point" X="30913" Y="54322"/>
		<entry type="Revival point" X="32326" Y="51749"/>
		<entry type="Revival point" X="28977" Y="53353"/>
		<entry type="Revival point" X="19182" Y="51621"/>
		<entry type="Revival point" X="21286" Y="53887"/>
		<entry type="Revival point" X="39735" Y="45605"/>
		<entry type="Revival point" X="38953" Y="47745"/>
		<entry type="Revival point" X="37689" Y="48308"/>
		<entry type="Revival point" X="34368" Y="45348"/>
		<entry type="Revival point" X="33736" Y="47664"/>
		<entry type="Revival point" X="27833" Y="50954"/>
		<entry type="Revival point" X="18509" Y="44469"/>
		<entry type="Revival point" X="30662" Y="28709"/>
		<entry type="Revival point" X="29038" Y="28977"/>
		<entry type="Revival point" X="25093" Y="27322"/>
		<entry type="Revival point" X="25554" Y="37559"/>
		<entry type="Revival point" X="27637" Y="40358"/>
		<entry type="Revival point" X="30640" Y="39653"/>
		<entry type="Revival point" X="29629" Y="37884"/>
		<entry type="Revival point" X="20242" Y="39711"/>
		<entry type="Revival point" X="18757" Y="26657"/>
		<entry type="Revival point" X="19268" Y="27102"/>
		<entry type="Revival point" X="31265" Y="43593"/>
		<entry type="Revival point" X="27860" Y="42744"/>
		<entry type="Revival point" X="31756" Y="48227"/>
		<entry type="Revival point" X="31630" Y="46450"/>
		<entry type="Revival point" X="28091" Y="48440"/>
		<entry type="Revival point" X="34129" Y="42704"/>
		<entry type="Revival point" X="35805" Y="42190"/>
		<entry type="Revival point" X="36310" Y="44092"/>
		<entry type="Revival point" X="37888" Y="46525"/>
		<entry type="Revival point" X="37898" Y="46786"/>
		<entry type="Revival point" X="31537" Y="50221"/>
		<entry type="Revival point" X="40292" Y="55477"/>
		<entry type="Revival point" X="35173" Y="49738"/>
		<entry type="Revival point" X="36959" Y="53171"/>
		<entry type="Revival point" X="32977" Y="37901"/>
		<entry type="Revival point" X="21727" Y="43465"/>
		<entry type="Revival point" X="39620" Y="30248"/>
		<entry type="Revival point" X="37059" Y="29184"/>
		<entry type="Revival point" X="25940" Y="30343"/>
		<entry type="Revival point" X="31711" Y="33941"/>
		<entry type="Revival point" X="33521" Y="35130"/>
		<entry type="Revival point" X="37679" Y="37901"/>
		<entry type="Revival point" X="35969" Y="54710"/>
		<entry type="Revival point" X="39152" Y="51908"/>
		<entry type="Revival point" X="31701" Y="50191"/>
		<entry type="Revival point" X="22997" Y="44204"/>
		<entry type="Revival point" X="31377" Y="37879"/>
		<entry type="Revival point" X="40386" Y="58732"/>
		<entry type="Revival point" X="35465" Y="60082"/>
		<entry type="Revival point" X="25317" Y="35904" name="Atrax Beach"/>
		<entry type="Revival point" X="21001" Y="27242" name="Willunsong West"/>
		
		<!-- MOUNT HEPHASTOS -->
		<entry type="Revival point" X="41825" Y="58227" Height="101" name="CDF Patrol Boat - AAV005"/>
		<entry type="Revival point" X="45453" Y="65255" Height="101" name="CDF Patrol Boat - AAV002"/>
		<entry type="Revival point" X="41603" Y="61776" Height="101" name="CDF Patrol Boat - AAV004"/>
		<entry type="Revival point" X="41784" Y="65043" Height="101" name="CDF Patrol Boat - AAV003"/>
		<entry type="Revival point" X="48623" Y="61447" Height="101" name="CDF Patrol Boat - AAV008"/>
		<entry type="Revival point" X="45211" Y="58241" Height="101" name="CDF Patrol Boat - AAV006"/>
		<entry type="Revival point" X="48531" Y="58194" Height="101" name="CDF Patrol Boat - AAV007"/>
		<entry type="Revival point" X="48839" Y="65204" Height="101" name="CDF Patrol Boat - AAV001"/>
		<entry type="Place of interest" name="The Ringhorne entrance point" X="45231" Y="63522">
  <notes><![CDATA[This small ground base is equipped with Storage, Repair and Trade terminals and has a televator to The Ringhorne mothership floating 2036m above the ground. The Ringhorne commanding officer is Vice Admiral MacManus.]]></notes>
		</entry>
		<entry type="PVP / Toxic zone" X="45063" Y="61433" name="Mount Hephastos" shape="circle" radius="3674" color="0xff6600">
  		<notes><![CDATA[Non toxic PVP zone]]></notes>
		</entry>
		
		
		<entry type="Place of interest" name="Dead Person" X="55024" Y="60907" Height="161"/>
		<entry type="Place of interest" name="Radiotower" X="50622" Y="59018" Height="195"/>
		<entry type="Revival point" X="55337" Y="62002" Height="111" name="Base Falcon"/>
		<entry type="Revival point" X="50513" Y="60366" Height="150" name="Camp Poseidon"/>
		

		<entry type="Teleporter" X="25920" Y="46798" name="Ahh... The Estophyls!" image="images/amethera/tp/ahhestophyls.jpg"/>
		<entry type="Teleporter" X="25131" Y="27315" name="Akmuul Island" image="images/amethera/tp/akmuul.jpg"/>
		<entry type="Teleporter" X="30999" Y="30006" name="Amethera Outback Land #15" image="images/amethera/tp/ola15.jpg"/>
		<entry type="Teleporter" X="22135" Y="46881" name="Atami's Paradise" image="images/amethera/tp/atami.jpg"/>
		<entry type="Teleporter" X="34692" Y="36303" name="~Big Industries OLA 1~" image="images/amethera/tp/bigola1.jpg"/>
		<entry type="Teleporter" X="29170" Y="58760" name="~Big Industries OLA 42~" image="images/amethera/tp/bigola42.jpg"/>
		<entry type="Teleporter" X="33438" Y="47375" name="Billton Towers" image="images/amethera/tp/billton.jpg"/>
		<entry type="Teleporter" X="20173" Y="39714" name="Cayuze" image="images/amethera/tp/cayuze.jpg"/>
		<entry type="Teleporter" X="23040" Y="44200" name="Chilled Hogglo and Maffoid" image="images/amethera/tp/chilledhogglo.jpg"/>
		<entry type="Teleporter" X="31661" Y="50206" name="Emerald Lakes Mall" image="images/amethera/tp/emeraldlakesmall.jpg"/>
		<entry type="Teleporter" X="34255" Y="48217" name="Genesis Amethera Headquarters" image="images/amethera/tp/genesisametherahq.jpg"/>
		<entry type="Teleporter" X="35395" Y="60125" name="Jameson's Reach" image="images/amethera/tp/jamesonsreach.jpg"/>
		<entry type="Teleporter" X="22648" Y="32017" name="Memorial Island" image="images/amethera/tp/memorialisland.jpg"/>
		<entry type="Teleporter" X="36239" Y="44088" name="Miwak" image="images/amethera/tp/miwak.jpg"/>
		<entry type="Teleporter" X="19298" Y="27065" name="Myrene Island" image="images/amethera/tp/myreneisland.jpg"/>
		<entry type="Teleporter" X="36688" Y="33300" name="Nate Valley" image="images/amethera/tp/natevalley.jpg"/>
		<entry type="Teleporter" X="40415" Y="58716" name="Naval Station Triton" image="images/amethera/tp/navalstationtriton.jpg"/>
		<entry type="Teleporter" X="29353" Y="35516" name="Neas Place" image="images/amethera/tp/neasplace.jpg"/>
		<entry type="Teleporter" X="33730" Y="47700" name="New Oxford" image="images/amethera/tp/newoxford.jpg"/>
		<entry type="Teleporter" X="26335" Y="60841" name="New Switzerland" image="images/amethera/tp/newswitz.jpg"/>
		<entry type="Teleporter" X="25664" Y="37647" name="Omegaton West Habitat TP" image="images/amethera/tp/odysseus.jpg"/>
		<entry type="Teleporter" X="21811" Y="61327" name="Oshiri Hearts" image="images/amethera/tp/oshiri.jpg"/>
		<entry type="Teleporter" X="17787" Y="35383" name="Oyster Isle TP" image="images/amethera/tp/osyterisle.jpg"/>
		<entry type="Teleporter" X="37098" Y="29187" name="Rei's Defense" image="images/amethera/tp/reis.jpg"/>
		<entry type="Teleporter" X="17950" Y="46655" name="Saba Camp" image="images/amethera/tp/saba.jpg"/>
		<entry type="Teleporter" X="39671" Y="30222" name="Sakura City" image="images/amethera/tp/sakuracity.jpg"/>
		<entry type="Teleporter" X="18515" Y="44410" name="Segna Forest" image="images/amethera/tp/segna.jpg"/>
		<entry type="Teleporter" X="37622" Y="39348" name="Shavante" image="images/amethera/tp/shavante.jpg"/>
		<entry type="Teleporter" X="27811" Y="50922" name="Shinook Jungle" image="images/amethera/tp/shinookjungle.jpg"/>
		<entry type="Teleporter" X="27947" Y="45427" name="Shinook River" image="images/amethera/tp/shinookriver.jpg"/>
		<entry type="Teleporter" X="33008" Y="37893" name="Silver Ridge" image="images/amethera/tp/silverridge.jpg"/>
		<entry type="Teleporter" X="21303" Y="53841" name="Solfais Crater" image="images/amethera/tp/solfais.jpg"/>
		<entry type="Teleporter" X="35224" Y="26856" name="Tetania's-by-the-sea!" image="images/amethera/tp/tetanias.jpg"/>
		<entry type="Teleporter" X="31290" Y="43622" name="Timbesha" image="images/amethera/tp/timbesha.jpg"/>
		<entry type="Teleporter" X="37087" Y="53134" name="Treasure Island Castle" image="images/amethera/tp/ticastle.jpg"/>
		<entry type="Teleporter" X="35214" Y="49768" name="Treasure Island City" image="images/amethera/tp/ticity.jpg"/>
		<entry type="Teleporter" X="39350" Y="54830" name="Treasure Island North Hangar A" image="images/amethera/tp/tihangara.jpg"/>
		<entry type="Teleporter" X="39810" Y="55230" name="Treasure Island North Hangar B" image="images/amethera/tp/tihangarb.jpg"/>
		<entry type="Teleporter" X="40270" Y="55497" name="Treasure Island Northern Shores" image="images/amethera/tp/tinorthshore.jpg"/>
		<entry type="Teleporter" X="39169" Y="51891" name="Treasure Island Riverside" image="images/amethera/tp/tiriverside.jpg"/>
		<entry type="Teleporter" X="35994" Y="54709" name="Treasure Island Volcanic Edge" image="images/amethera/tp/tivolcanicedge.jpg"/>
		<entry type="Teleporter" X="37845" Y="46778" name="Wolverine Hope" image="images/amethera/tp/wolvarinehope.jpg"/>
		<entry type="Teleporter" X="28831" Y="55690" name="Z's Little Farm" image="images/amethera/tp/zslittlefarm.jpg"/>
		
		<!-- VOLCANO -->
		<entry type="Revival point" X="55193" Y="60184"/>
		<entry type="Revival point" X="54290" Y="64896"/>
		<entry type="Teleporter" X="55200" Y="60160" name="Fort Victoria" image="images/amethera/tp/fortvictoria.jpg"/>
		<entry type="Teleporter" X="54280" Y="64900" name="Odysseus Landing" image="images/amethera/tp/odysseus.jpg"/>

		<entry type="PVP / Toxic zone" name="PvP 4 Contaminated zone" X="0" Y="0" shape="poly" data="25220,25110:26308,24758:27524,24726:29716,25110:30436,25814:30500,27062:30292,27558:30548,27974:29860,28758:28948,27798:28660,28646:28084,29222:25172,29622:25460,27142:25220,25110:1">
			<notes><![CDATA[Lootable]]></notes>
		</entry>

		<entry type="Colonist-owned land area" name="Amethera Outback Land #01"  data="34422,36508:34246,36092:34214,35308:34582,35212:35158,35628:35302,35628:35382,36076:35318,36604:34822,36620:34422,36508:1" Owner="Juan Balberith Martinez" Tax="Hunting: 3.75%, Mining: 2.75%, Shopping: 2.50%" Ores="" Enmatters="" Mobs="Neconu Young, Equus Young"/>

		<entry type="Colonist-owned land area" name="Amethera LA1"  data="36804,45708:37089,45644:37201,45372:37489,45292:38161,45580:38225,46204:38209,46716:37633,46716:37425,47148:36929,47020:36785,46556:36801,45708:1" Owner="" Tax="Hunting: 0.00%, Mining: 0.00%, Shopping: 2.50%" Ores="" Enmatters="" Mobs="Thorifoid Watcher, Exaosaur Guardian, Bristlehog, Hiryuu Old"/>

		<entry type="Colonist-owned land area" name="Amethera Outback Land #02"  data="36241,33895:36545,33975:36545,34343:36129,34567:36129,35111:36145,35303:36113,35543:35857,35607:35569,35495:35313,35447:34929,35127:34945,34839:35057,34263:35361,34135:35857,34039:36241,33895:1" Owner="" Tax="Hunting: 4.00%, Mining: 4.00%, Shopping: 2.50%" Ores="" Enmatters="" Mobs="Atrox Dominant &amp; Guardian"/>

		<entry type="Colonist-owned land area" name="Amethera LA2"  data="35172,41105:37188,41121:37444,41873:36932,43196:35812,42913:35556,43665:35300,43761:35108,43665:35012,42209:35172,41105:1" Owner="" Tax="Hunting: 3.75%, Mining: 0.00%, Shopping: 0.00%" Ores="" Enmatters="" Mobs="Thorifoid Watcher, Trilomite Old, Bristlehog Mature, Hiryuu Provider, Exarosaur Domnant"/>

		<entry type="Colonist-owned land area" name="Amethera Outback Land #03"  data="33104,35535:33568,35423:34080,35471:34160,35887:34112,36591:33568,36687:33168,36479:33040,36095:33104,35535:1" Owner="Hieronyme Lesolitaire Thorton" Tax="Hunting: 3.00%, Mining: 3.00%, Shopping: 2.50%" Ores="" Enmatters="" Mobs="Longu Young"/>

		<entry type="Colonist-owned land area" name="Amethera LA3"  data="37528,34072:37240,33320:38152,32872:39304,32952:39832,32888:40808,32888:40904,33176:40888,35288:40008,35464:39256,35336:39668,34680:39640,34008:39272,34008:39096,33864:37816,33816:37528,34072:1" Owner="Marcus Callender" Tax="Hunting: 0.00%, Mining: 0.00%, Shopping: 2.50%" Ores="" Enmatters="" Mobs="Falxangius Young"/>

		<entry type="Colonist-owned land area" name="Amethera Outback Land #04"  data="36190,35547:36190,34715:36462,34491:36878,34491:37326,34667:37550,35115:37550,35515:37198,35627:36798,35595:36494,35531:36190,35547:1" Owner="" Tax="Hunting: 3.99%, Mining: 3.99%, Shopping: 2.50%" Ores="" Enmatters="" Mobs="Atrax Old Alpha"/>

		<entry type="Colonist-owned land area" name="Amethera Outback LA4"  data="30140,37209:30892,36569:31484,36313:32364,36537:32332,37369:32092,37913:32380,38281:31772,38633:30380,38425:30140,37209:1" Owner="" Tax="Hunting: 0.00%, Mining: 0.00%, Shopping: 2.50%" Ores="" Enmatters="" Mobs="Merp Young"/>

		<entry type="Colonist-owned land area" name="Amethera Outback Land #05"  data="36215,37146:36151,36538:36167,36042:36375,35834:36647,35786:37111,35914:37399,36186:37239,36762:37143,36746:37047,36842:36919,36890:36855,37098:36215,37146:1" Owner="Zachurm Deathifier Emegen" Tax="Hunting: 3.90%, Mining: 3.90%, Shopping: 2.50%" Ores="" Enmatters="" Mobs="Exarosaur Alpha &amp; Prowler, Equus Young"/>

		<entry type="Colonist-owned land area" name="Amethera Outback LA5"  data="20299,38945:20731,38561:20859,38545:21035,38609:21115,38385:21339,38113:21467,38081:22251,38369:22619,38353:23035,38689:23259,38657:23403,38817:23499,39249:23771,39377:24059,39713:24208,39972:24240,40532:23760,40436:23492,40243:23492,40131:23444,40067:22740,40515:22484,40659:22148,40675:21780,40739:21460,40739:20868,40515:20548,40739:20299,40691:20299,38945:1" Owner="" Tax="Hunting: 0.00%, Mining: 0.00%, Shopping: 2.50%" Ores="" Enmatters="" Mobs="Falxangius Young"/>

		<entry type="Colonist-owned land area" name="Amethera Outback Land #06"  data="38555,37876:39019,37876:39019,38868:38731,39220:38507,39220:38267,39060:38043,39284:38155,39540:38043,39812:37755,39860:37371,39652:37387,38996:37595,38820:37915,38692:38011,38404:38555,37876:1" Owner="Eugenio Anhithe Wilde" Tax="Hunting: 3.99%, Mining: 3.99%, Shopping: 2.50%" Ores="" Enmatters="" Mobs="Longu Stalker"/>

		<entry type="Colonist-owned land area" name="Amethera Outback Land #07"  data="25542,35588:25926,35892:26086,36308:25335,37092:24806,36804:24662,36532:24678,36196:24982,35940:25542,35588:1" Owner="Einstein Brainie Brain" Tax="Hunting: 3.90%, Mining: 3.90%, Shopping: 2.50%" Ores="" Enmatters="" Mobs="Atrax Alpha"/>

		<entry type="Colonist-owned land area" name="Amethera Outback LA7"  data="20027,38497:20123,38577:19995,40705:19419,40641:19195,40449:18379,40497:18027,40305:17227,40049:16795,39777:16987,39521:17163,39521:17467,39329:17835,39393:17915,39217:17707,38977:17595,38737:17371,38561:17243,38241:17147,38161:16971,38113:16539,37329:16459,37057:16523,36833:16683,36529:16987,36833:17115,36881:17179,36961:17211,37169:17211,37329:17355,37393:17387,37089:17579,37089:17675,36833:17771,36785:18699,37249:18859,37153:18715,36945:18715,36721:18955,36641:19467,37265:19563,37905:19211,38129:19243,38433:19179,38561:19403,38561:19435,38497:20027,38497:1" Owner="" Tax="Hunting: 0.00%, Mining: 0.00%, Shopping: 2.50%" Ores="" Enmatters="" Mobs="Araneatrox Young, Itumatrox Young, Bristlehog Guardian"/>

		<entry type="Colonist-owned land area" name="Amethera Outback Land #08"  data="29646,37340:29982,37852:29790,38316:29278,38444:28734,38221:28398,37932:28686,37468:29198,37324:29646,37340:1" Owner="" Tax="Hunting: 3.90%, Mining: 3.90%, Shopping: 2.50%" Ores="Cumbriz" Enmatters="" Mobs="Formidon Young"/>

		<entry type="Colonist-owned land area" name="Amethera LA8"  data="35180,30448:35532,30976:35452,31280:35100,31632:35260,31664:35468,31776:35500,31920:34796,32656:34204,32656:33500,31840:33148,31840:33148,31488:33356,31408:33372,31216:33740,31024:33884,30672:35180,30448:1" Owner="" Tax="Hunting: 0.00%, Mining: 0.00%, Shopping: 2.50%" Ores="" Enmatters="" Mobs="Atrox Dominant, Exarosaur Guardian"/>

		<entry type="Colonist-owned land area" name="Amethera LA9"  data="39904,28930:38352,29106:36416,28274:36512,27042:36880,26578:37312,26770:37328,26994:38816,27362:39072,27602:39536,27346:39904,28930:1" Owner="" Tax="Hunting: 0.00%, Mining: 0.00%, Shopping: 2.50%" Ores="" Enmatters="" Mobs="Cersumon Young, Trilomite Young, Atrax Provider"/>

		<entry type="Colonist-owned land area" name="Amethera Outback Land #10"  data="39144,30392:38472,30168:38264,29720:38408,29304:39128,29160:39448,29576:39144,30392:1" Owner="Lee Zhorgul Salmon" Tax="Hunting: 5.50%, Mining: 5.50%, Shopping: 2.50%" Ores="" Enmatters="" Mobs="Atrox Mature"/>

		<entry type="Colonist-owned land area" name="Amethera Outback Land #11"  data="34252,38468:34844,38404:35100,38148:35580,37892:36028,38148:35708,38964:34796,38980:34508,39588:34172,40052:33836,40260:33756,40132:33644,39508:34252,38468:1" Owner="" Tax="Hunting: 2.75%, Mining: 2.75%, Shopping: 2.50%" Ores="" Enmatters="" Mobs="Exarosaur Stalker, Argonaut Scout &amp; Guardian"/>
		
		<entry type="Colonist-owned land area" name="Amethera Outback Land #12"  data="33668,38054:33636,37686:33476,36998:34063,36832:34751,36869:34815,37264:34623,37344:34671,37616:34527,37824:34671,37936:34655,38288:33855,38544:33615,38960:33263,39056:33023,38976:33151,38528:33668,38054:1" Owner="" Tax="Hunting: 3.99%, Mining: 3.49%, Shopping: 2.50%" Ores="" Enmatters="" Mobs="Allophyl Mature, Trilomite"/>

		<entry type="Colonist-owned land area" name="Amethera LA14"  data="37255,32208:37175,30464:37447,30240:37751,30240:38071,30336:38295,30704:38743,30720:38983,30768:40007,32304:39761,32576:38791,32688:37255,32208:1" Owner="" Tax="Hunting: 0.00%, Mining: 0.00%, Shopping: 2.50%" Ores="" Enmatters="" Mobs="Exarosaur Alpha, Itumatrox Young, Atrox Mature"/>

		<entry type="Colonist-owned land area" name="Amethera LA15"  data="33892,41039:34660,41167:34836,41743:34772,43039:34564,43519:34260,43775:32964,43759:32868,43279:32820,41903:33060,41247:33892,41039:1" Owner="" Tax="Hunting: 0.00%, Mining: 0.00%, Shopping: 2.50%" Ores="" Enmatters="" Mobs="Dakiba Youmd, Exarosaur Old, Hiryuu Old, Bristlehog Mature, Armax Cow Young, Armax Bull Young Trilomite Old"/>

		<entry type="Colonist-owned land area" name="Amethera Outback Land #16"  data="29854,35532:30094,36844:29246,36844:29102,36028:27774,35548:27806,34748:28574,35084:29198,35212:29854,35532:1" Owner="" Tax="Hunting: 3.99%, Mining: 3.49%, Shopping: 2.50%" Ores="" Enmatters="" Mobs="Ambulimax"/>

		<entry type="Colonist-owned land area" name="Amethera LA16"  data="32808,44008:35720,43992:36008,44072:36104,44376:36520,44744:36664,45544:36648,47432:36296,48024:35752,48184:35272,47976:34408,47816:34072,47592:33976,47240:33832,47096:33736,47096:33736,46968:33512,46904:33208,46696:33128,46744:33080,46968:32776,46664:32840,46200:32808,44008:1" Owner="" Tax="Hunting: 0.00%, Mining: 0.00%, Shopping: 2.50%" Ores="" Enmatters="" Mobs="Falxangius Young, Exarosaur Guardian, Atrox Young, Hiryuu Provider"/>

		<entry type="Colonist-owned land area" name="Amethera Outback Land #17"  data="31080,36092:31080,35132:31736,35132:31912,35292:31992,35164:32680,35100:32712,36124:32296,36364:31560,36252:31080,36092:1" Owner="" Tax="Hunting: 3.99%, Mining: 3.59%, Shopping: 2.50%" Ores="" Enmatters="" Mobs="Longu Alpha &amp; Dominant, Ambulimax Young"/>

		<entry type="Colonist-owned land area" name="Amethera LA17"  data="32973,33151:33340,33183:33660,33423:34332,33391:34540,33263:34860,33327:34769,33807:34652,34063:34220,34383:34188,34511:33948,34639:33804,34511:33660,34559:33484,34511:33580,34287:33484,33711:32956,33743:32892,33535:32972,33151:1" Owner="" Tax="Hunting: 0.00%, Mining: 0.00%, Shopping: 2.50%" Ores="" Enmatters="" Mobs="Grand Formidon Young, Gradivore Young"/>

		<entry type="Colonist-owned land area" name="Amethera LA18"  data="35835,30168:36427,30264:36683,30840:36859,31016:37083,31016:37195,31960:36107,32328:35691,32008:35707,31784:35867,31784:36027,31528:35691,31288:35835,30168:1" Owner="" Tax="Hunting: 0.00%, Mining: 0.00%, Shopping: 2.50%" Ores="" Enmatters="" Mobs="Oculus Young, Kingfisher Young"/>

		<entry type="Colonist-owned land area" name="Amethera Outback Land #19"  data="35587,26152:36195,26488:36243,27272:35827,27496:33603,27592:33363,27288:33475,26824:34035,26568:35587,26152:1" Owner="" Tax="Hunting: 3.75%, Mining: 3.75%, Shopping: 2.50%" Ores="" Enmatters="" Mobs="Neconu Old, Exarosaur Old"/>

		<entry type="Colonist-owned land area" name="Amethera LA19"  data="39064,35871:39640,35631:40808,35631:40904,36383:40840,37759:40392,37855:40056,37679:39608,37023:39144,36271:39064,35871:1" Owner="" Tax="Hunting: 0.00%, Mining: 0.00%, Shopping: 2.50%" Ores="" Enmatters="" Mobs="Atrox Dominant, Fungoid Young, Gradivore Young"/>

		<entry type="Colonist-owned land area" name="Amethera Outback Land #20"  data="36134,27658:36342,29402:35222,29882:33926,29734:33606,29034:33942,28234:34838,27642:36134,27658:1" Owner="" Tax="Hunting: 4.07%, Mining: 4.07%, Shopping: 2.50%" Ores="" Enmatters="" Mobs="Longu Young, Atrax Provider"/>

		<entry type="Colonist-owned land area" name="Amethera Outback Land #21"  data="39221,46317:39989,47325:39589,47757:39381,48253:39413,48445:39173,49021:38245,48669:38149,47613:38293,47149:38757,47053:39221,46317:1" Owner="Fatacuida Lorfat Lorfat" Tax="Hunting: 4.90%, Mining: 4.90%, Shopping: 2.50%" Ores="" Enmatters="" Mobs="Formicicada Strong"/>

		<entry type="Colonist-owned land area" name="Amethera Outback Land #22"  data="37339,47282:38027,47986:37851,48434:37099,48850:36379,48658:36427,48130:36747,47618:37339,47282:1" Owner="Mike Dragonfly Colder" Tax="Hunting: 3.90%, Mining: 3.90%, Shopping: 2.50%" Ores="" Enmatters="" Mobs="Scaboreas Young, Exarosaur Provider, Trilomite Old, Hiryuu"/>

		<entry type="Colonist-owned land area" name="Amethera Outback Land #23"  data="30221,38660:30909,38852:30685,39076:30845,39572:30813,39876:30893,40500:30797,40836:30205,40900:29661,40820:29453,40372:29677,39940:29437,39380:29613,38820:30221,38660:1" Owner="" Tax="Hunting: 5.00%, Mining: 5.00%, Shopping: 2.50%" Ores="" Enmatters="" Mobs="Exarosaur Young"/>

		<entry type="Colonist-owned land area" name="Amethera Outback Land #24"  data="31065,38591:32329,38799:32377,39087:32037,39391:32313,39711:32345,40319:32201,40415:32201,40623:32457,40719:32457,40879:31241,40847:31001,40735:30921,39935:31081,39471:31433,39487:31593,39215:31065,38847:31065,38591:1" Owner="" Tax="Hunting: 4.70%, Mining: 4.70%, Shopping: 2.50%" Ores="" Enmatters="" Mobs="Ambulimax Stalker &amp; Prowler"/>
		
		<entry type="Colonist-owned land area" name="Amethera Outback Land #25"  data="30956,44200:31884,45016:32300,45144:32668,45944:32668,47144:31484,47176:30796,46664:30060,45032:30956,44200:1" Owner="Qetesh Qetesh Qetesh" Tax="Hunting: 4.00%, Mining: 4.00%, Shopping: 2.50%" Ores="" Enmatters="" Mobs="Armax Cow Young, Armax Bull Mature"/>

		<entry type="Colonist-owned land area" name="Amethera Outback Land #26"  data="25560,39126:26712,38710:27528,38742:28440,38966:28776,39334:28984,40038:28360,40630:27608,40870:26808,40902:25560,39126:1" Owner="Serken Drakens Serpentis" Tax="Hunting: 4.00%, Mining: 4.00%, Shopping: 2.50%" Ores="" Enmatters="" Mobs="Allophyl Stalker &amp; Old Alpha, Molisk Young"/>

		<entry type="Colonist-owned land area" name="Amethera Outback Land #27"  data="29404,43789:29708,45917:29548,46461:29116,46685:28268,46541:27356,46637:27068,45437:27180,44765:26892,44173:27388,43725:27980,43981:29404,43789:1" Owner="Game Development Lecturer" Tax="Hunting: 1.90%, Mining: 1.90%, Shopping: 2.50%" Ores="" Enmatters="" Mobs="Tripudion Young, Molisk Young"/>

		<entry type="Colonist-owned land area" name="Amethera Outback Land #28"  data="26237,45259:26397,45259:26493,45355:26541,45579:26605,45611:26685,45723:26685,45883:26781,45883:26861,45995:26813,46219:26845,46299:26893,46395:26909,46651:26845,46747:26845,46923:26925,46955:26909,47115:26973,47259:25661,47259:25453,46875:25581,46059:26237,45259:1" Owner="Ringo DRDoom Pow" Tax="Hunting: 4.70%, Mining: 4.70%, Shopping: 2.50%" Ores="" Enmatters="" Mobs="Nexnecis Mature, Estophyl Young"/>

		<entry type="Colonist-owned land area" name="Amethera Outback Land #29"  data="30344,46956:30712,47324:32520,47564:32472,48540:32264,48812:31208,49020:30120,48988:29496,48876:29208,48412:29304,47740:29992,47468:30344,46956:1" Owner="Qetesh Qetesh Qetesh" Tax="Hunting: 3.97%, Mining: 3.97%, Shopping: 2.50%" Ores="" Enmatters="" Mobs="Longu Guardian, Cornundos Old"/>
		
		<entry type="Colonist-owned land area" name="Amethera Outback Land #30"  data="29657,49232:30041,49584:30153,50000:29545,50864:29417,51312:29385,51600:28473,51600:28217,51552:28041,51168:28025,50720:28185,50144:28377,49776:28697,49456:29081,49344:29657,49232:1" Owner="Max Nostrop Donner" Tax="Hunting: 5.05%, Mining: 4.09%, Shopping: 2.50%" Ores="" Enmatters="" Mobs="Mourner Mature, Combibo Young"/>

		<entry type="Colonist-owned land area" name="Amethera Outback Land #31"  data="30554,52700:31914,52700:32538,52812:32730,53724:32650,54812:31786,55100:30794,55036:30474,54892:30394,54460:30218,54124:30442,52876:30554,52700:1" Owner="Coover Coover Tristan" Tax="Hunting: 4.00%, Mining: 4.00%, Shopping: 2.50%" Ores="" Enmatters="" Mobs="Allophyl Old, Berycled Young, Merp Young"/>

		<entry type="Colonist-owned land area" name="Amethera Outback Land #32"  data="27232,54850:27584,54850:27904,55122:28368,55218:29360,55170:29856,55202:29920,55330:29424,56002:28912,56146:28480,56002:27856,56034:27392,56162:26912,55794:26800,55330:27024,54962:27232,54850:1" Owner="Lee Zhorgul Salmon" Tax="Hunting: 4.90%, Mining: 5.90%, Shopping: 2.50%" Ores="" Enmatters="" Mobs="Armax Bull Guardian, Armax cow Guardian, Atrax, Fungoid Young, Tripudion Young"/>

		<entry type="Colonist-owned land area" name="Amethera Outback Land #33"  data="20784,42594:20944,42434:21616,42498:22192,42898:22224,43170:22432,43490:22448,44002:22336,44498:22384,44674:22064,44674:22016,44514:21856,44514:21680,44722:21584,44578:21680,44370:21616,44194:21504,44130:21360,44226:21328,44418:21184,44530:20544,44514:20768,43250:20784,42594:1" Owner="" Tax="Hunting: 4.00%, Mining: 4.00%, Shopping: 2.50%" Ores="" Enmatters="" Mobs="Maffoid Clan Warlord"/>

		<entry type="Colonist-owned land area" name="Amethera Outback Land #34"  data="22835,43912:23555,43752:24339,43960:24515,44568:24403,45624:24227,46728:23651,46632:22899,46664:22915,46232:22915,45640:22835,43912:1" Owner="Zachurm Deathifier Emegen" Tax="Hunting: 4.00%, Mining: 4.00%, Shopping: 2.50%" Ores="" Enmatters="" Mobs="Hogglo Old, Bristlehog Old, Chomper Guardian, Maffoid Bandit"/>

		<entry type="Colonist-owned land area" name="Amethera Outback Land #35"  data="19588,53707:21188,53707:21316,54091:20948,55595:19236,55547:19236,55147:18884,54859:18884,54251:19028,54057:19588,53707:1" Owner="Zachurm Deathifier Emegen" Tax="Hunting: 4.00%, Mining: 4.00%, Shopping: 2.50%" Ores="" Enmatters="" Mobs="Combibo Stalker, Cornundos Old"/>
		
		<entry type="Colonist-owned land area" name="Amethera Outback Land #36"  data="21960,54147:22360,54099:22632,54227:22616,54515:22744,54547:23032,55043:23032,55619:22808,56195:21912,56195:21736,55267:21944,54611:22088,54515:21960,54147:1" Owner="Zachurm Deathifier Emegen" Tax="Hunting: 4.00%, Mining: 4.00%, Shopping: 2.50%" Ores="" Enmatters="" Mobs="Hispidus Young, Berycled Young"/>

		<entry type="Colonist-owned land area" name="Amethera Outback Land #37"  data="18327,50819:18647,51347:18615,52099:19495,52355:19527,52835:18375,54291:17607,54099:17351,51955:16823,51859:16999,51347:18327,50819:1" Owner="Max Nostrop Donner" Tax="Hunting: 5.05%, Mining: 4.09%, Shopping: 2.50%" Ores="" Enmatters="" Mobs="Caudatergus Young"/>

		<entry type="Colonist-owned land area" name="Amethera Outback Land #38"  data="17325,41947:17581,41947:17693,42043:17821,42043:17853,41947:18045,41819:18813,41611:19325,42123:19405,43019:19181,43851:18365,44267:17181,44155:16941,44219:16701,44139:16781,43643:16669,43499:16669,43291:16749,43179:16733,43099:16669,42747:16861,42315:17325,41947:1" Owner="Zachurm Deathifier Emegen" Tax="Hunting: 4.00%, Mining: 4.00%, Shopping: 2.50%" Ores="" Enmatters="" Mobs="Phasm young, Cornundacauda Young, Trilomite, Daikiba Young"/>

		<entry type="Colonist-owned land area" name="Amethera Outback Land #39"  data="24456,24838:24456,27046:21464,27046:21176,26502:21640,25526:22600,25094:23720,24774:24456,24838:1" Owner="Jo0hn Zippo Pathfinder" Tax="Hunting: 2.99%, Mining: 2.99%, Shopping: 2.50%" Ores="" Enmatters="" Mobs="Atrox Mature"/>

		<entry type="Colonist-owned land area" name="Amethera Outback Land #40"  data="24346,27474:24474,28194:24394,29234:24314,29362:23978,29362:23770,29218:22362,28450:22074,28066:22170,27714:22570,27282:23546,27282:23850,27346:24346,27474:1" Owner="Manu Manuel Man83" Tax="Hunting: 4.00%, Mining: 4.00%, Shopping: 2.50%" Ores="" Enmatters="" Mobs="Atrox Dominant"/>

		<entry type="Colonist-owned land area" name="Amethera Outback Land #41 North"  data="27003,61952:28712,63210:28458,63284:28124,63284:27985,63279:27921,63240:27858,63257:27789,63333:27599,63396:27409,63327:27172,63390:26520,63708:26032,63708:1" Owner="" Tax="Hunting: 3.95%, Mining: 0.00%, Shopping: 2.50%" Ores="" Enmatters="" Mobs=""/>

		<entry type="Colonist-owned land area" name="Amethera Outback Land #41 East"  data="28904,62988:28921,62942:28921,62851:28834,62781:28822,62672:28880,62557:28811,62489:28839,62304:29329,62236:29577,61728:29680,61664:29749,61658:29765,61560:29667,61554:29667,61479:29696,61439:29701,61260:29627,61185:29604,61059:29621,60991:29535,60939:29581,60840:29495,60817:29432,60684:28734,60783:28617,60725:28433,60696:28301,60737:28100,60669:27897,60704:27746,60617:27003,61952:28712,63210:1" Owner="" Tax="Hunting: 3.50%, Mining: 4.50%, Shopping: 2.50%" Ores="" Enmatters="" Mobs=""/>

		<entry type="Colonist-owned land area" name="Amethera Outback Land #41 West"  data="27739,60618:27796,60566:27732,60537:27657,60572:27427,60619:27168,60809:27157,60809:27116,60671:26972,60590:26862,60573:26302,60735:25973,61023:25973,62200:25835,62321:25851,62477:25787,62576:25897,62893:25880,62922:25769,62928:25499,62985:25417,63188:25526,63269:25571,63391:25652,63460:25652,63536:25680,63576:25761,63582:25923,63686:26032,63708:1" Owner="" Tax="Hunting: 3.75%, Mining: 2.75%, Shopping: 2.50%" Ores="" Enmatters="" Mobs=""/>
		<entry type="Colonist-owned land area"  data="26032,63708:27739,60618:0" color="0x000000" alpha="0.25"/>
		<entry type="Colonist-owned land area"  data="27003,61952:28712,63210:0" color="0x000000" alpha="0.25"/>
		
		<entry type="Colonist-owned land area" name="Amethera Outback Land #42 North"  data="29708,58420:29065,58704:28747,59102:28729,59696:28889,59869:29768,59852:30287,59496:30275,59178:1" Owner="" Tax="Hunting: 3.99%, Mining: 3.99%, Shopping: 2.50%" Ores="" Enmatters="" Mobs=""/>

		<entry type="Colonist-owned land area" name="Amethera Outback Land #42 East"  data="29065,58704:29030,57405:30666,57456:31087,58235:30423,58581:30123,58028:29742,58241:29708,58420:1" Owner="" Tax="Hunting: 3.99%, Mining: 3.99%, Shopping: 2.50%" Ores="" Enmatters="" Mobs=""/>
		
		<entry type="Colonist-owned land area" name="Amethera Outback Land #42 West"  data="29065,58704:29030,57405:27773,57365:27652,58364:28136,58381:28228,58906:28065,59506:28332,59472:28424,59385:28377,59132:28747,59102:1" Owner="" Tax="Hunting: 3.99%, Mining: 3.99%, Shopping: 2.50%" Ores="" Enmatters="" Mobs=""/>
		<entry type="Colonist-owned land area"  data="29065,58704:28747,59102:0" color="0x000000" alpha="0.25"/>
		<entry type="Colonist-owned land area"  data="29065,58704:29708,58420:0" color="0x000000" alpha="0.25"/>		
		<entry type="Colonist-owned land area"  data="29065,58704:29030,57405:0" color="0x000000" alpha="0.25"/>		
		
		<entry type="Colonist-owned land area" name="Amethera Outback Land #43"  data="17824,63778:17777,64032:17944,64834:18273,65209:19242,65303:20511,64945:20846,63752:19329,63642:18040,63700:1" Owner="" Tax="Hunting: 4.30%, Mining: 5.00%, Shopping: 2.50%" Ores="Platinum, Langotz, Narcanisum, Cumbriz, Zinc, Gazzurdit, Dianum, Lysterium" Enmatters="Typonolic, Lytarian, Solis, Azur, Ferrum, Oil" Mobs=""/>

		<entry type="Colonist-owned land area" name="Amethera Outback Land #44"  data="19149,60550:19310,61092:19939,61301:20971,61156:20844,60441:20549,59692:20109,59525:19256,59704:1" Owner="" Tax="Hunting: 4.00%, Mining: 4.00%, Shopping: 2.50%" Ores="Azzurdite, Durulium, Megan, Niksarium, Valurite" Enmatters="Azure Pearls, Devil's Tail, Lutarian Dust, Lumis Leatch, Henrem Stems" Mobs=""/>

		<entry type="Colonist-owned land area" name="Amethera Outback Land #45"  data="18101,57684:17501,57672:17270,57740:16987,57976:16825,58218:16705,58592:16722,59504:16918,60341:17005,60452:17177,60486:17454,60268:17991,60268:19364,59252:19115,58664:1" Owner="" Tax="Hunting: 3.95%, Mining: 3.95%, Shopping: 2.50%" Ores_Enmatters="Copper, Erdorium, Ignisium, Lysterium, Ferrum Nuts, Garcen Greace, Oil, Acid Root, Belkar Stone, Magerian Mist, Melchi Water, Solis Beans, Kanerium Stone, Gold Stone, Redulite Ore" Mobs=""/>
		
		<entry type="Colonist-owned land area" name="Amethera Outback Land #46"  data="17280,61254:17177,61480:17332,61930:17228,62138:17458,62230:17313,62662:17734,63187:17827,63383:18017,63227:19373,63199:19725,62737:19627,62616:19927,62217:19517,61808:19005,61524:17839,61451:17433,61260:1" Owner="" Tax="Hunting: 4.50%, Mining: 4.50%, Shopping: 2.50%" Ores="Niksarium, Durulium, Vesperdite, Valurite, Megan, Azzurdite, Erdorium" Enmatters="Garcen, Magerian, Acid, Melchi, Azur, Solis, Devil's, Binary, Lumis" Mobs=""/>
		
		<entry type="Colonist-owned land area" name="Amethera Outback Land #47"  data="22150,61971:21786,61972:21481,62329:21209,62543:21209,63044:21296,63443:21452,63668:21762,63748:22102,64136:22230,64136:22881,63680:23073,63041:23073,62897:22969,62753:23159,62580:23032,62464:22732,62420:22633,62206:22403,62292:22213,62257:1" Owner="" Tax="Hunting: 3.50%, Mining: 3.90%, Shopping: 2.50%" Ores="Adomasite, Verperdite, Terrudite, Ignisium, Belkar, Erdorium, Copper" Enmatters="Binary Liquid, Ares Head, Alicenies Liquid, Angelic Grit, Cave Sap" Mobs=""/>

		<entry type="Colonist-owned land area" name="Amethera Outback Land #48"  data="16585,46342:18089,46406:18089,47318:17929,48886:17673,49046:16921,48950:16473,48166:16457,47926:16585,46342:1" Owner="Juanita Kendra Wilde" Tax="Hunting: 3.99%, Mining: 3.99%, Shopping: 2.50%" Ores="" Enmatters="" Mobs="Sabakuma Young"/>

		<entry type="Colonist-owned land area" name="Amethera Outback Land #49"  data="18300,46467:19612,46403:19916,46739:19884,48387:18124,47987:18300,46467:1" Owner="Nathanial HuntingN8 Johnson" Tax="Hunting: 4.00%, Mining: 4.95%, Shopping: 2.50%" Ores="" Enmatters="" Mobs="Osseocollum Provider, Neconu Young"/>

		<entry type="Colonist-owned land area" name="Amethera Outback Land #50"  data="19844,49917:20756,49965:21460,50333:21588,50909:21556,51901:21012,52253:19684,52253:18740,51965:18740,51005:18980,50573:19364,50573:19492,50429:19652,50349:19844,49917:1" Owner="Eudenio Anhithe Wilde" Tax="Hunting: 3.75%, Mining: 2.75%, Shopping: 2.50%" Ores="" Enmatters="" Mobs="Hiryuu Guardian"/>

		<entry type="Colonist-owned land area" name="Amethera Outback Land #51"  data="20028,46616:21900,46680:21900,47128:21516,47576:21532,48504:21020,48472:20492,48760:20028,48136:20028,46616:1" Owner="Atami Tami Atemi" Tax="Hunting: 3.95%, Mining: 3.95%, Shopping: 2.50%" Ores="" Enmatters="" Mobs="Merp Young"/>

		<entry type="Colonist-owned land area" name="Amethera Outback Land #52"  data="22053,46745:23477,46745:23733,47065:23637,47593:23109,48633:21653,48569:21621,47625:22053,47145:22053,46745:1" Owner="Atami Tami Atemi" Tax="Hunting: 3.95%, Mining: 3.95%, Shopping: 2.50%" Ores="" Enmatters="" Mobs="Molisk Gatherer &amp; Scout"/>

		<entry type="Colonist-owned land area" name="Amethera Outback Land #53"  data="16928,44576:17200,44768:17424,44976:18192,44784:18192,44656:19040,44656:19888,44768:19952,45520:19744,46192:16560,46272:16688,45584:16576,44992:16608,44832:16928,44576:1" Owner="Warrants Skalman Skalmansson" Tax="Hunting: 4.00%, Mining: 4.00%, Shopping: 2.50%" Ores="" Enmatters="" Mobs="Merp Young, Snarksnot, Snablesnot, Hiryuu"/>

		<entry type="Colonist-owned land area" name="Amethera Outback Land #54"  data="20078,44990:20254,44894:20494,44974:20926,45278:21342,45134:21326,45054:21358,44958:21502,45038:21566,45118:21646,45086:22062,45134:22238,45406:22734,45566:22430,46494:20846,46478:20270,46318:20030,46110:20062,45630:20078,44990:1" Owner="Atami Tami Atemi" Tax="Hunting: 2.99%, Mining: 3.95%, Shopping: 2.50%" Ores="" Enmatters="" Mobs="Proteron Provider, Chomper Mature"/>

		<entry type="Colonist-owned land area" name="Amethera Outback Land #55"  data="19488,42034:20720,42258:20672,43506:20464,44482:18896,44562:19328,43746:19488,42930:19488,42034:1" Owner="Danny Kvazar Key" Tax="Hunting: 4.00%, Mining: 4.00%, Shopping: 2.50%" Ores="" Enmatters="" Mobs="Chomper Young, Trilomite Guardian, Exarosaur, Hiryuu, Daikiba Provider"/>
		
		<entry type="Colonist-owned land area" name="Amethera Outback Land #56"  data="25616,55778:26352,55730:26768,55778:27104,56050:27296,56274:27488,56706:27392,57074:26864,57218:26272,57266:24864,57170:24992,56946:25040,56658:25392,56306:25392,56082:25552,55970:25616,55778:1" Owner="Minken Minken Forsberg" Tax="Hunting: 0.00%, Mining: 0.00%, Shopping: 2.50%" Ores="" Enmatters="" Mobs="Molisk Gatherer, Hiryuu Mature, Daikiba Young"/>

		<entry type="Colonist-owned land area" name="Amethera Outback Land #58"  data="32586,54942:32682,55854:32602,57150:31866,57246:30666,57214:30698,56926:30938,56830:30970,56558:30698,56206:30548,55790:29946,55550:29994,55342:30106,55230:30346,55166:30682,55118:31290,55134:31770,55214:32586,54942:1" Owner="Marcus Callender" Tax="Hunting: 0.00%, Mining: 0.00%, Shopping: 2.50%" Ores="" Enmatters="" Mobs="Molisk Gatherer, Hiryuu, Daikiba Mature, Exarosaur Young"/>

		<entry type="Colonist-owned land area" name="Amethera Outback Land #59"  data="26656,52037:26960,52245:27728,53061:27296,54117:26592,54917:25936,54917:25328,53253:24928,52805:24608,52581:24576,52453:24848,52069:25488,52037:26656,52037:1" Owner="Darth Skippie Boobie" Tax="Hunting: 3.99%, Mining: 3.99%, Shopping: 2.50%" Ores="" Enmatters="" Mobs="Foul Gatherer &amp; Scout, Argonaut Scout"/>

		<entry type="Colonist-owned land area" name="Amethera Outback Land #60"  data="27316,50844:27460,50876:27588,51388:27668,51516:27908,51500:28372,51900:28740,51980:28964,51756:29332,51868:29588,52156:29700,53868:29332,54028:28708,53596:28628,53420:28436,53308:28164,53148:27924,53048:27716,52876:27780,52636:27668,52668:27540,52556:27332,52412:27124,52188:26948,52092:26788,51804:26420,51532:26404,51436:26468,51276:27316,50844:1" Owner="Marcus Callender" Tax="Hunting: 3.75%, Mining: 2.75%, Shopping: 2.50%" Ores="" Enmatters="" Mobs="Allophyl Young"/>

		<entry type="Colonist-owned land area" name="Amethera Outback Land #61"  data="28468,49140:28244,49780:28068,50100:27860,50692:27428,50836:27156,50724:27012,50772:26948,50916:26452,51124:26372,51044:26100,51188:26116,51076:26040,51042:25976,51074:25832,51090:25784,51138:25704,51122:25688,51042:25688,50962:25608,50818:25688,50738:25656,50626:25688,50498:25656,50290:25624,49842:25688,49714:26232,49522:26552,49378:26840,49140:28468,49140:1" Owner="Qetesh Qetesh Qetesh" Tax="Hunting: 3.50%, Mining: 4.50%, Shopping: 2.50%" Ores="" Enmatters="" Mobs="Nexnecis Young, Tripudion Young"/>

		<entry type="Colonist-owned land area" name="Amethera Outback Land #62"  data="31563,50725:32315,50981:32619,51909:32315,52453:31803,52597:31003,52629:30283,52549:30187,51957:30267,51461:30859,51029:31563,50725:1" Owner="Marcus Callender" Tax="Hunting: 0.00%, Mining: 0.00%, Shopping: 2.50%" Ores="" Enmatters="" Mobs="Foul Gatherer"/>

		<entry type="Colonist-owned land area" name="Amethera Outback Land #63"  data="29044,48976:27684,48960:26820,49008:26436,48704:26340,48560:26724,48400:27108,47872:27124,47056:27748,46816:27404,46672:29108,46864:28980,47760:29092,47840:29044,48976:1" Owner="Marcus Callender" Tax="Hunting: 0.00%, Mining: 0.00%, Shopping: 2.50%" Ores="" Enmatters="" Mobs="Nexnecis Mature, Molisk Gatherer, Trilomite Gatherer, Bristlehog Old"/>

		<entry type="Colonist-owned land area" name="Amethera Outback Land #64"  data="28453,41895:29893,42967:29269,43607:27925,43783:27333,43431:26837,43943:26389,43527:26181,42327:28453,41895:1" Owner="Luna Diana Brooks" Tax="Hunting: 3.50%, Mining: 2.50%, Shopping: 2.50%" Ores="" Enmatters="" Mobs="Argonaut Gatherer &amp; Hunter"/>

		<entry type="Colonist-owned land area" name="Amethera Outback Land #65"  data="39324,45468:39548,45212:39596,44700:39820,44540:40828,44444:40876,44732:40828,45308:40860,46572:40668,46796:40732,46892:40716,47084:40652,47228:40508,47404:40140,47356:39612,46556:39404,45964:39420,45820:39324,45468:1" Owner="Fed Solo Soloteiev" Tax="Hunting: 4.00%, Mining: 4.00%, Shopping: 2.50%" Ores="" Enmatters="" Mobs="Beryclid Guardian, Daikiba Old Alpha &amp; Stalker, Bristlehog Old, Hiryu, Exarosaur"/>

		<entry type="Colonist-owned land area" name="Amethera Outback Land #66"  data="38176,41034:39664,40986:39920,41594:39952,42026:40112,42154:40176,42394:40048,42458:39888,43322:38736,43578:38352,43370:37872,42554:37792,41498:38176,41034:1" Owner="" Tax="Hunting: 0.00%, Mining: 0.00%, Shopping: 2.50%" Ores="" Enmatters="" Mobs=""/>

		<entry type="Colonist-owned land area" name="Emerald Lakes Mall Land"  data="30367,49184:32175,49184:32639,49248:32719,49776:32655,50784:32127,50880:31759,50704:30543,49568:30367,49184:1" Owner="Onkel RobRoy Bob" Tax="Hunting: 4.00%, Mining: 4.00%, Shopping: 2.50%" Ores="" Enmatters="" Mobs="Eviscerator Gen 3, Trooper Gen 8, Drone Gen 3, Atrox Mature, Allophyl, Molisk Scout, Daikiba Provider"/>
		
	</continent>
	
</entries>
