<?xml version="1.0" encoding="utf-8"?>

<entries title="includes EntropiaPlanets data">

	<continent name="Arctic">
		
		<entry type="Revival point" name="Camp Campbell" X="34335" Y="17242" Height="102" Area_name="Starting point"/>
		<entry type="Revival point" name="Extractions" X="36461" Y="17625" Height="104" Area_name="Research Facility #1"/>
		<entry type="Revival point" name="Extractions" X="38334" Y="19138" Height="558" Area_name="Logan Peak"/>
		<entry type="Revival point" name="Extractions" X="39161" Y="20343" Height="329"/>
		<entry type="Revival point" name="LZ: Expert - 1" X="38700" Y="21900" Height="283"/>
		<entry type="Revival point" name="LZ: Expert - 2" X="37909" Y="23644" Height="472"/>
		<entry type="Revival point" name="LZ: Expert - 3" X="35526" Y="23054" Height="107"/>
		<entry type="Revival point" name="LZ: Expert - 4" X="35244" Y="20496" Height="410"/>
		<entry type="Revival point" name="LZ: Expert - 5" X="36591" Y="22317" Height="349"/>
		<entry type="Revival point" name="LZ: Expert - 6" X="39159" Y="23545" Height="239"/>
		<entry type="Revival point" name="LZ: Expert - 7" X="36557" Y="23855" Height="170"/>
		<entry type="Revival point" name="LZ: Expert - 8" X="37576" Y="22296" Height="400"/>
		<entry type="Revival point" name="LZ: Expert - 9" X="35522" Y="21907" Height="327"/>
		
		<entry type="Teleporter" name="Camp Campbell" X="34335" Y="17243" Height="102"/>
		<entry type="Teleporter" name="ROCKtropia Access Point" X="39095" Y="20310" Height="326"/>
		
		<entry type="PVP / Toxic zone" data="34853,20608:39667,20608:39667,23682:34853,23682:1" name="Combat Zone" color="0xFFcc00"/>
		
	</continent>
	
</entries>
