<?xml version="1.0" encoding="utf-8"?>

<entries title="Mnrl chart">

	<continent name="Arkadia">

	<entry type="Minerals chart" data="28629,29765:30684,29765:30684,27709:28629,27709:1" name="U4-V5">
  	<notes><![CDATA[ores and enmatters found in this area:<br><font color="#00ff99">Caldorite</font>]]></notes>
	</entry>
	<entry type="Minerals chart" data="17368,12325:19425,12325:19425,9249:17368,9249:1" name="J21-K23">
  	<notes><![CDATA[ores and enmatters found in this area:<br><font color="#00ff99">Oil, Lysterium</font>]]></notes>
	</entry>
	<entry type="Minerals chart" data="21461,12307:23536,12307:23536,9250:21461,9250:1" name="N21-O23">
  	<notes><![CDATA[ores and enmatters found in this area:<br><font color="#00ff99">Oil,Lysterium</font>]]></notes>
	</entry>
	<entry type="Minerals chart" data="19437,30759:21495,30759:21495,28701:19437,28701:1" name="L3-M4">
 	 <notes><![CDATA[ores and enmatters found in this area:<br><font color="#00ff99">Dunkel, Telfium</font>]]></notes>
	</entry>
	<entry type="Minerals chart" data="25588,12320:27623,12320:27623,10276:25588,10276:1" name="R21-S22">
  	<notes><![CDATA[ores and enmatters found in this area:<br><font color="#00ff99">Copper, Bonite, Oil, Somin tar, Ospra, Alicenies, Kaz, Edres</font>]]></notes>
	</entry>
	<entry type="Minerals chart" data="23539,13354:26615,13354:26615,12306:23539,12306:1" name="P20-R20">
 	 <notes><![CDATA[ores and enmatters found in this area:<br><font color="#00ff99">Edres, Telfium, Lytairian, Zinc, Lysterium, Copper, Acid, Somin</font>]]></notes>
	</entry>
	<entry type="Minerals chart" data="30689,14381:32700,14381:32700,13347:30689,13347:1" name="W19-X19">
  	<notes><![CDATA[ores and enmatters found in this area:<br><font color="#00ff99">Belkar, Erdorium, Oil, Quill, Azur</font>]]></notes>
	</entry>
	<entry type="Minerals chart" data="12265,12309:10196,12307:10209,13327:11222,13327:11243,15395:12265,15409:1" name="C20-D18">
  	<notes><![CDATA[ores and enmatters found in this area:<br><font color="#00ff99">Veda, Hydrogen, Quil, Ospra, Somin, Oil</font>]]></notes>
	</entry>
	
	
	
	

	</continent>
	
</entries>

