<?xml version="1.0" encoding="utf-8"?>

<entries title="PoI,Events,NPCs">

	<continent name="Arkadia">

		<entry type="Place of interest" name="New Player Arrival" X="30200" Y="18060" shape="star" color="0xffffff" image="images/arkadia/poi/sa.jpg"/>
		<entry type="NPC" name="Barman" X="30165" Y="18020" image="images/arkadia/missions/npc_barman.jpg" Starts="ACA - Oratan Alert">
			<notes><![CDATA[Barman is the starter NPC for new player missions chain.]]></notes>
		</entry>
		<entry type="NPC" name="Sergeant Jong" X="30043" Y="17820" Height="140" image="images/arkadia/missions/npc_jong.jpg" Starts="ACA - En Route to Resolute" Gives="Carapace helmet and a MAKO training sword" Chain="ACA - Oratan Alert"/>
		<entry type="NPC" name="IFN Guard" X="30106" Y="17660" Height="96" image="images/arkadia/missions/npc_guard01.jpg" Chain="ACA - En Route to Resolute"/>
		<entry type="NPC" name="Dr. Livingston" X="30192" Y="17717" Height="96" image="images/arkadia/missions/npc_livingston.jpg">
			<notes><![CDATA[Doc is located inside the cave, she ends "ACA - En Route to Resolute" mission and gives "ACA - Transport Unidentified Ore" and "ACA - Report to Resolute Firebase" missions.<br><font color="#00ff99">Don't get lost in the cave:</font> There are two ways out of the cave room, the left one is the dead end, the right one is the right none... duh.]]></notes>
		</entry>
		<entry type="NPC" name="Leutenent Commander Chan" X="30523" Y="17360" Height="190" image="images/arkadia/missions/npc_chan.jpg">
			<notes><![CDATA[Chan is located at the Resolute Firebase entrance, he ends "ACA - Report to Resolute Firebase" mission - gives you Hoverpod and some fuel, and starts "ACA - Check the Watchtowers" mission.<br><font color="#00ff99">Character traits:</font> predilection for body tattos.]]>		</notes>
		</entry>
		<entry type="NPC" name="IFN Guard" X="30526" Y="17271" Height="190" image="images/arkadia/missions/npc_guard02.jpg">
			<notes><![CDATA[The guard is a part of "ACA - Check the Watchtowers" giving you directions to the first watchtower.]]></notes>
		</entry>
		<entry type="Objective" name="Watchtower #1" X="30471" Y="15947" Height="361" image="images/arkadia/missions/wt.jpg">
			<notes><![CDATA[The tower is a part of "ACA - Check the Watchtowers" mission.]]></notes>
		</entry>
		<entry type="Objective" name="Watchtower #2" X="30955" Y="15591" Height="264" image="images/arkadia/missions/wt.jpg">
			<notes><![CDATA[The tower is a part of "ACA - Check the Watchtowers" mission.]]></notes>
		</entry>
		<entry type="Objective" name="Watchtower #3" X="31118" Y="15119" Height="241" image="images/arkadia/missions/wt.jpg">
			<notes><![CDATA[The tower is a part of "ACA - Check the Watchtowers" mission.]]></notes>
		</entry>
		<entry type="Objective" name="Watchtower #4" X="31065" Y="14333" Height="266" image="images/arkadia/missions/wt.jpg">
			<notes><![CDATA[The tower is a part of "ACA - Check the Watchtowers" mission.]]></notes>
		</entry>
		<entry type="Objective" name="Watchtower #5" X="31502" Y="13979" Height="231" image="images/arkadia/missions/wt.jpg">
			<notes><![CDATA[The tower is a part of "ACA - Check the Watchtowers" mission.]]></notes>
		</entry>
		<entry type="Place of interest" alpha="0.3" data="30691,13623:31033,13623:31033,13236:30691,13236:1" name="Supply Depot" units="meters" shape="poly" color="0x6699ff" image="images/arkadia/poi/sd.jpg"/>
		<entry type="NPC" name="Lieutenant D'Angelo" X="31032" Y="13507" Height="232" image="images/arkadia/missions/npc_dangelo.jpg">
			<notes><![CDATA[The leitenant ends "ACA - Check the Watchtowers" mission and starts "ACA - Weaponry Store" one.]]></notes>
		</entry>
		<entry type="NPC" name="Herman Industries Representative" X="30975" Y="13514" Height="233" image="images/arkadia/missions/npc_hir.jpg">
			<notes><![CDATA[Ends "ACA - Weaponry Store" mission - gives you Herman ASI Training BLP pistol and weapon cells and starts "ACA - Armoury" mission.]]></notes>
		</entry>
		<entry type="NPC" name="Lorika Tek Representative" X="30933" Y="13415" Height="233" image="images/arkadia/missions/npc_ltr.jpg">
			<notes><![CDATA[Completes "ACA - Armoury" mission - gives you Musca chest piece and a plate, and starts "ACA - IFN Medical" mission.]]></notes>
		</entry>
		<entry type="NPC" name="Dr. Arijan Saymos" X="30800" Y="13440" Height="233" image="images/arkadia/missions/npc_saymos.jpg">
			<notes><![CDATA[Completes "ACA - IFN Medical" mission - gives you GYRO FAP Trainer, and starts "ACA - A Little Style" mission.]]></notes>
		</entry>
		<entry type="NPC" name="Staff Sergeant Billingsworth" X="30727" Y="13366" Height="233" image="images/arkadia/missions/npc_ssb.jpg">
			<notes><![CDATA[Completes "ACA - A Little Style" mission - gives you Carapace Pants and Shoes, and starts "ACA - Check Out Reseach Depot" mission.]]></notes>
		</entry>
		<entry type="NPC" name="IFN Guard" X="30691" Y="13409" Height="232" image="images/arkadia/missions/npc_guard03.jpg" Chain="ACA - Check Out Reseach Depot"/>
		<entry type="NPC" name="Dr. Alina" X="31327" Y="11533" Height="164" image="images/arkadia/missions/npc_alina.jpg" Chain="ACA - Check Out Reseach Depot"/>
		<entry type="NPC" name="Dr. Lucca" X="31317" Y="11523" Height="164" image="images/arkadia/missions/npc_lucca.jpg">
			<notes><![CDATA[A local beauty - the best friend of Dr. Alina and a dream of every IFN soldier in about 50 km radius.<br><font color="#00ff99">Side note:</font><br>IFN soldiers like intelligent women.]]></notes>
		</entry>
		<entry type="NPC" name="Dr. Leigh Terpecaya" X="31356" Y="11492" Height="163" image="images/arkadia/missions/npc_leigh.jpg">
			<notes><![CDATA[Completes "ACA - Check Out Reseach Depot" mission and updates "ACA - Transport Unidentified Ore" mission, sending you south to the bridge at Celeste Harbour.]]></notes>
		</entry>
		<entry type="Place of interest" alpha="0.4" data="31230,11615:31436,11615:31436,11407:31230,11407:1" name="Scientific Research Lab" units="meters" shape="poly" color="0xff6633" image="images/arkadia/poi/srl.jpg"/>
		<entry type="NPC" name="IFN Guard" X="30507" Y="10844" Height="114" image="images/arkadia/missions/npc_guard04.jpg" Chain="ACA - Transport Unidentified Ore"/>
		<entry type="NPC" name="Pierre Tan" X="29895" Y="10015" Height="107" image="images/arkadia/missions/npc_pierre.jpg">
			<notes><![CDATA[Updates "ACA - Transport Unidentified Ore" mission, sending you to Quarry Manager, Brandon Walker.]]></notes>
		</entry>
		<entry type="NPC" name="Brandon Walker" X="31280" Y="9483" Height="132" image="images/arkadia/missions/npc_brandon.jpg">
			<notes><![CDATA[Updates "ACA - Transport Unidentified Ore" mission, sending you to the IFN Headquarters.]]></notes>
		</entry>	
		<entry type="NPC" name="Commodore Harvir" X="29972" Y="10087" Height="193" image="images/arkadia/missions/npc_harvir.jpg">
			<notes><![CDATA[Completes "ACA - Transport Unidentified Ore" mission, starts "ACA - Take the Unidentified Ore to 8 Coins HQ".]]></notes>
		</entry>
		<entry type="NPC" name="Captain Chiharo" X="29973" Y="10089" Height="193" image="images/arkadia/missions/npc_chiharo.jpg" Gives="Herman LAW Trainer and weapon cells" Chain="ACA - Transport Unidentified Ore"/>
		<entry type="NPC" name="Unusual Resources Division Manager" X="12025" Y="20693" Height="598" image="images/arkadia/missions/npc_urdm.jpg" Chain="ACA - Take the Unidentified Ore to 8 Coins HQ"/>
		<entry type="NPC" name="Survey Team Leader" X="9275" Y="22376" Height="104" image="images/arkadia/missions/npc_rtl.jpg" Gives="Rock Ripper Trainer, Terra Master Trainer and Survey probes.">
			<notes><![CDATA[Completes "ACA - Take the Unidentified Ore to 8 Coins HQ" mission, starts "ACA - Mining Training".<br>Ends "ACA - Mining Training" and completes the new player experience mission chain, sending you to Celeste Harbour.]]></notes>
		</entry>
		
		<entry type="Place of interest" name="Oratan Camp" X="17665" Y="14800"/>
		<entry type="Place of interest" name="Oratan Camp" X="18215" Y="14970"/>
		<entry type="Place of interest" name="Oratan Camp" X="17860" Y="14400"/>
		<entry type="Place of interest" name="Oratan Camp" X="18410" Y="14580"/>
		<entry type="Place of interest" name="Oratan Camp" X="19020" Y="19125"/>
		<entry type="Place of interest" name="Oratan Camp" X="17980" Y="23260"/>
		<entry type="Place of interest" name="Oratan Camp" X="11425" Y="11485"/>
		<entry type="Place of interest" name="Oratan Camp" X="28340" Y="22870"/>
		<entry type="Place of interest" name="Oratan Camp" X="20825" Y="19825"/>
		<entry type="Place of interest" name="Oratan Camp" X="26830" Y="22420"/>
		
		<entry type="Place of interest" name="Sacrificial ground" X="30759" Y="26851" color="0xff0000" shape="star" image="images/arkadia/poi01.jpg">
  <notes><![CDATA[Arkadian scientists believe this is an ancient Oratan ritual ground where tribal shamans made various preductions based on animal sacrifices.]]></notes>
		</entry>
		
		<entry type="Place of interest" name="Ruins" X="11172" shape="circle" Y="29507" color="0x00cc00" image="images/arkadia/ruins01.jpg"/>
		<entry type="Place of interest" name="Ruins" X="15356" shape="circle" Y="29091" color="0x00cc00" image="images/arkadia/ruins01a.jpg"/>
		<entry type="Place of interest" name="Ruins" X="14506" shape="circle" Y="27483" color="0x00cc00" image="images/arkadia/ruins01b.jpg"/>
		<entry type="Place of interest" name="Ruins" X="13019" shape="circle" Y="25987" color="0x00cc00" image="images/arkadia/ruins01.jpg"/>
		<entry type="Place of interest" name="Ruins" X="10593" shape="circle" Y="26169" color="0x00cc00" image="images/arkadia/ruins01a.jpg"/>
		
		<entry type="Place of interest" name="Ruins" X="28856" shape="circle" Y="30366" color="0x00cc00" image="images/arkadia/ruins02.jpg"/>
		<entry type="Place of interest" name="Ruins" X="25668" shape="circle" Y="30526" color="0x00cc00" image="images/arkadia/ruins02a.jpg"/>
		<entry type="Place of interest" name="Ruins" X="26203" shape="circle" Y="27798" color="0x00cc00" image="images/arkadia/ruins02.jpg"/>
		<entry type="Place of interest" name="Ruins" X="28027" shape="circle" Y="26683" color="0x00cc00" image="images/arkadia/ruins02a.jpg"/>
		<entry type="Place of interest" name="Ruins" X="31224" shape="circle" Y="27105" color="0x00cc00" image="images/arkadia/ruins02.jpg"/>
		
		<entry type="Place of interest" name="Underwater ruins" X="28747" shape="circle" Y="19105" color="0x00cc00" image="images/arkadia/ruins03.jpg"/>
		
		<entry type="Place of interest" name="Ruins" X="11415" shape="circle" Y="9701" color="0x00cc00" image="images/arkadia/ruins04.jpg"/>
		<entry type="Place of interest" name="Ruins" X="15657" shape="circle" Y="9771" color="0x00cc00" image="images/arkadia/ruins04a.jpg"/>
		<entry type="Place of interest" name="Ruins" X="14665" shape="circle" Y="12224" color="0x00cc00" image="images/arkadia/ruins04b.jpg"/>
		<entry type="Place of interest" name="Ruins" X="12152" shape="circle" Y="13585" color="0x00cc00" image="images/arkadia/ruins04c.jpg"/>
		<entry type="Place of interest" name="Ruins" X="9606" shape="circle" Y="13876" color="0x00cc00" image="images/arkadia/ruins04d.jpg"/>

		<entry type="Shops" name="Celeste Quarry Booth #1" X="31246" Y="9565" image="images/arkadia/booth.jpg">
  		<notes><![CDATA[This shop booth has 20 item points capacity.]]></notes>
		</entry>
		<entry type="Shops" name="Celeste Quarry Booth #2" X="31239" Y="9575" image="images/arkadia/booth.jpg">
  		<notes><![CDATA[This shop booth has 20 item points capacity.]]></notes>
		</entry>
		<entry type="Shops" name="Celeste Quarry Booth #3" X="31228" Y="9584" image="images/arkadia/booth.jpg">
  		<notes><![CDATA[This shop booth has 20 item points capacity.]]></notes>
		</entry>
		<entry type="Shops" name="Celeste Quarry Booth #4" X="31260" Y="9545" image="images/arkadia/booth.jpg">
  		<notes><![CDATA[This shop booth has 20 item points capacity.]]></notes>
		</entry>
		<entry type="Shops" name="Celeste Quarry Booth #5" X="31265" Y="9533" image="images/arkadia/booth.jpg">
  		<notes><![CDATA[This shop booth has 20 item points capacity.]]></notes>
		</entry>
		<entry type="Shops" name="Celeste Quarry Booth #6" X="31266" Y="9520" image="images/arkadia/booth.jpg">
  	<notes><![CDATA[This shop booth has 20 item points capacity.]]></notes>
		</entry>

	</continent>
	
</entries>

