<?xml version="1.0" encoding="utf-8"?>

<entries title="TP,Rev,LA">

	<continent name="Arkadia">

		<entry type="Teleporter" name="Celeste Harbour" X="29867" Y="10159" Height="99" image="images/arkadia/ch.jpg"/>
			<entry type="Revival point" X="29935" Y="10195" Height="99"/>
		<entry type="Teleporter" name="Celeste Quarry" X="31193" Y="9527" Height="123" image="images/arkadia/cq.jpg">
			<notes><![CDATA[Main area for Arkadia Advisors, sweating groups and events for newcomers.]]></notes>
		</entry>
			<entry type="Revival point" X="31225" Y="9542" Height="122"/>
		<entry type="Teleporter" name="Celeste Harbour Military HQ" X="30139" Y="10000" Height="185" image="images/arkadia/chmhq.jpg"/>
		<entry type="Teleporter" name="Celeste Harbour North" X="30056" Y="10319" Height="100" image="images/arkadia/chn.jpg"/>
			<entry type="Revival point" X="30057" Y="10286" Height="99"/>
		<entry type="Teleporter" name="Celeste Harbour South" X="29794" Y="9857" Height="100" image="images/arkadia/chs.jpg"/>
			<entry type="Revival point" X="29803" Y="9875" Height="99"/>
		<entry type="Teleporter" name="Celeste Outpost" X="27273" Y="10919" Height="155" image="images/arkadia/co.jpg">
			<notes><![CDATA[The outpost equipped with a command module with all terminals available.]]></notes>	
		</entry>
			<entry type="Revival point" X="27235" Y="10933" Height="155"/>
		<entry type="Teleporter" name="Outpost" X="31602" Y="13803" Height="198" image="images/arkadia/outpost1.jpg">
			<notes><![CDATA[The outpost equipped with a command module with all terminals available.]]></notes>	
		</entry>			
			<entry type="Revival point" X="31569" Y="13809" Height="198"/>			
		<entry type="Teleporter" name="Fearless Firebase" X="25603" Y="15147" Height="414" image="images/arkadia/ffb.jpg">
			<notes><![CDATA[A fortified military compound, equipped with a few command modules and IFN terminal.]]></notes>		
		</entry>		
			<entry type="Revival point" X="25624" Y="15175" Height="414"/>				
		<entry type="Teleporter" name="Fearless Firebase Academy" X="25340" Y="15521" Height="338" image="images/arkadia/ffba.jpg">
			<notes><![CDATA[One of starting areas for new players with introductory and mission guides and all the terminals available.]]></notes>		
		</entry>	
			<entry type="Revival point" X="25304" Y="15539" Height="337"/>				
		<entry type="Teleporter" name="Relentless Firebase" X="23907" Y="9309" Height="196" image="images/arkadia/ffb.jpg">
			<notes><![CDATA[A fortified military compound, equipped with a few command modules and IFN terminal.]]></notes>		
		</entry>			
			<entry type="Revival point" X="23877" Y="9301" Height="195"/>				
		<entry type="Teleporter" name="Relentless Firebase Academy" X="23629" Y="9705" Height="159" image="images/arkadia/ffba.jpg">
			<notes><![CDATA[One of starting areas for new players with introductory and mission guides and all the terminals available.]]></notes>		
		</entry>	
			<entry type="Revival point" X="23596" Y="9730" Height="158"/>				
		<entry type="Teleporter" name="Outpost" X="21670" Y="13780" Height="248" image="images/arkadia/outpost2.jpg">	
			<notes><![CDATA[The outpost equipped with a command module with all terminals available.<br><font color="#00ff99">Climate warning:</font> This location is in the Great Arkadian Desert. The outside temperatue is extremely high, make sure you have enough water and sun protection.]]></notes>	
		</entry>
			<entry type="Revival point" X="21691" Y="13806" Height="248"/>	
		<entry type="Teleporter" name="Steadfast Firebase" X="18584" Y="13747" Height="182" image="images/arkadia/sfb.jpg">
			<notes><![CDATA[A fortified military compound, equipped with a few command modules and IFN terminal.<br><font color="#00ff99">Climate warning:</font> This location is in the Great Arkadian Desert. The outside temperatue is extremely high, make sure you have enough water and sun protection.]]></notes>		
		</entry>			
			<entry type="Revival point" X="18600" Y="13781" Height="181"/>			
		<entry type="Teleporter" name="Outpost" X="18451" Y="10263" Height="200" image="images/arkadia/outpost3.jpg">	
			<notes><![CDATA[The outpost equipped with a command module with all terminals available.<br><font color="#00ff99">Climate warning:</font> This location is in the Great Arkadian Desert. The outside temperatue is extremely high, make sure you have enough water and sun protection.]]></notes>	
		</entry>
			<entry type="Revival point" X="18466" Y="10237" Height="200"/>				
		<entry type="Teleporter" name="Harrier Digsite" X="15451" Y="10126" Height="210" image="images/arkadia/hds.jpg">	
			<notes><![CDATA[This provisional camp is equipped with Storage, Trade, Repair and Revival terminals.<br><font color="#00ff99">Climate warning:</font> This location is in the Great Arkadian Desert. The outside temperatue is extremely high, make sure you have enough water and sun protection.]]></notes>	
		</entry>
			<entry type="Revival point" X="15424" Y="10125" Height="213"/>			
		<entry type="Teleporter" name="Kestrel Digsite" X="14485" Y="12587" Height="194" image="images/arkadia/kds.jpg">
			<notes><![CDATA[This provisional camp is equipped with Storage, Trade, Repair and Revival terminals.<br><font color="#00ff99">Climate warning:</font> This location is in the Great Arkadian Desert. The outside temperatue is extremely high, make sure you have enough water and sun protection.]]></notes>	
		</entry>				
			<entry type="Revival point" X="14457" Y="12579" Height="197"/>				
		<entry type="Teleporter" name="Repulse Firebase" X="15002" Y="15101" Height="386" image="images/arkadia/rfb.jpg">
			<notes><![CDATA[A fortified military compound, equipped with a few command modules and IFN terminal.]]></notes>		
		</entry>									
			<entry type="Revival point" X="14980" Y="15074" Height="386"/>					
		<entry type="Teleporter" name="Repulse Firebase Academy" X="14803" Y="15634" Height="270" image="images/arkadia/rfba.jpg">
			<notes><![CDATA[One of starting areas for new players with introductory and mission guides and all the terminals available.]]></notes>		
		</entry>									
			<entry type="Revival point" X="14842" Y="15632" Height="270"/>				
		<entry type="Teleporter" name="Falcon Digsite" X="12265" Y="13971" Height="329" image="images/arkadia/fds.jpg">
			<notes><![CDATA[This provisional camp is equipped with Storage, Trade, Repair and Revival terminals.<br><font color="#00ff99">Climate warning:</font> This location is in the Great Arkadian Desert. The outside temperatue is extremely high, make sure you have enough water and sun protection.]]></notes>	
		</entry>			
			<entry type="Revival point" X="12258" Y="13945" Height="331"/>					
		<entry type="Teleporter" name="Hawk Digsite" X="10084" Y="13944" Height="271" image="images/arkadia/hwds.jpg">
					<notes><![CDATA[This provisional camp is equipped with Storage, Trade, Repair and Revival terminals.<br><font color="#00ff99">Climate warning:</font> This location is in the Great Arkadian Desert. The outside temperatue is extremely high, make sure you have enough water and sun protection.]]></notes>	
		</entry>			
			<entry type="Revival point" X="10098" Y="13963" Height="273"/>					
		<entry type="Teleporter" name="Outpost" X="10882" Y="10696" Height="151" image="images/arkadia/outpost4.jpg">
			<notes><![CDATA[The outpost equipped with a command module with all terminals available.<br><font color="#00ff99">Climate warning:</font> This location is in the Great Arkadian Desert. The outside temperatue is extremely high, make sure you have enough water and sun protection.]]></notes>		
		</entry>	
			<entry type="Revival point" X="10859" Y="10717" Height="151"/>	
			
		<entry type="Teleporter" name="8 Coins HQ" X="12092" Y="20684" Height="598" image="images/arkadia/8chq.jpg">
			<notes><![CDATA[The teleporter is located at the IFN Headquarters entrance with all the terminals available inside.]]></notes>		
		</entry>	
			<entry type="Revival point" X="12046" Y="20693" Height="598"/>
		<entry type="Teleporter" name="Defiant Firebase" X="14791" Y="19984" Height="385" image="images/arkadia/dfb.jpg">
			<notes><![CDATA[A fortified military compound, equipped with a few command modules and IFN terminal.]]></notes>		
		</entry>									
			<entry type="Revival point" X="14773" Y="20012" Height="385"/>
		<entry type="Teleporter" name="8C Teladon Camp" X="13292" Y="17484" Height="215" image="images/arkadia/tc.jpg">
					<notes><![CDATA[This provisional camp is equipped with Storage, Trade, Repair and Revival terminals.]]></notes>	
		</entry>
			<entry type="Revival point" X="13318" Y="17480" Height="217"/>
		<entry type="Teleporter" name="8 Coins Town" X="15392" Y="23083" Height="502" image="images/arkadia/8ct.jpg">
			<notes><![CDATA[The teleporter is located at the Mining Operations Centre, with all the terminals available inside.]]></notes>		
		</entry>	
			<entry type="Revival point" X="15384" Y="23049" Height="501"/>
			
		<entry type="Teleporter" name="Rocky Ridge" X="17157" Y="17977" Height="488" image="images/arkadia/rr.jpg">
			<notes><![CDATA[The spot is equipped with a command module with all terminals available.]]></notes>		
		</entry>									
			<entry type="Revival point" X="17131" Y="17952" Height="488"/>			
		<entry type="Teleporter" name="Valiant Firebase" X="17795" Y="22454" Height="486" image="images/arkadia/vfb.jpg">
			<notes><![CDATA[A fortified military compound, equipped with a few command modules and IFN terminal.]]></notes>		
		</entry>									
			<entry type="Revival point" X="17765" Y="22440" Height="484"/>
		<entry type="Teleporter" name="Outpost" X="20561" Y="21828" Height="424" image="images/arkadia/outpost5.jpg">
			<notes><![CDATA[The outpost equipped with a command module with all terminals available.]]></notes>		
		</entry>	
			<entry type="Revival point" X="20590" Y="21803" Height="424"/>
		<entry type="Teleporter" name="Dauntless Firebase" X="20282" Y="17320" Height="430" image="images/arkadia/dnfb.jpg">
			<notes><![CDATA[A fortified military compound, equipped with a few command modules and IFN terminal.]]></notes>		
		</entry>									
			<entry type="Revival point" X="20277" Y="17290" Height="430"/>		
		<entry type="Teleporter" name="Dauntless Firebase Academy" X="21286" Y="17278" Height="245" image="images/arkadia/dfba.jpg">
			<notes><![CDATA[One of starting areas for new players with introductory and mission guides and all the terminals available.]]></notes>		
		</entry>									
			<entry type="Revival point" X="21320" Y="17295" Height="244"/>
		<entry type="Teleporter" name="Redoubtable Firebase" X="23248" Y="21782" Height="282" image="images/arkadia/rdfb.jpg">
			<notes><![CDATA[A fortified military compound, equipped with a few command modules and IFN terminal.]]></notes>		
		</entry>									
			<entry type="Revival point" X="23274" Y="21756" Height="282"/>	
		<entry type="Teleporter" name="Outpost" X="25599" Y="18597" Height="276" image="images/arkadia/outpost6.jpg">
			<notes><![CDATA[The outpost equipped with a command module with all terminals available.]]></notes>		
		</entry>	
			<entry type="Revival point" X="25574" Y="18613" Height="276"/>		
		<entry type="Teleporter" name="Implacable Firebase" X="28183" Y="21943" Height="359" image="images/arkadia/ifb.jpg">
			<notes><![CDATA[A fortified military compound, equipped with a few command modules and IFN terminal.]]></notes>		
		</entry>									
			<entry type="Revival point" X="28220" Y="21927" Height="359"/>		
		<entry type="Teleporter" name="Resolute Firebase" X="30585" Y="17274" Height="191" image="images/arkadia/rsfb.jpg">
			<notes><![CDATA[A fortified military compound, equipped with a few command modules and IFN terminal.]]></notes>		
		</entry>									
			<entry type="Revival point" X="30581" Y="17243" Height="190"/>		
		<entry type="Teleporter" name="Ocean Lookout" X="31885" Y="19988" Height="221" image="images/arkadia/ol.jpg">
			<notes><![CDATA[The outpost equipped with a command module with all terminals available.]]></notes>		
		</entry>	
			<entry type="Revival point" X="31899" Y="19974" Height="221"/>				
		<entry type="Teleporter" name="Cheetah Digsite" X="10968" Y="26051" Height="406" image="images/arkadia/cds.jpg">
					<notes><![CDATA[This provisional camp is equipped with Storage, Trade, Repair and Revival terminals.<br><font color="#00ff99">Climate warning:</font> The outside temperatue might drop below zero, make sure you have a warm outfit.]]></notes>	
		</entry>			
			<entry type="Revival point" X="10989" Y="26050" Height="408"/>
		<entry type="Teleporter" name="Jaguar Digsite" X="13208" Y="26166" Height="542" image="images/arkadia/jds.jpg">
					<notes><![CDATA[This provisional camp is equipped with Storage, Trade, Repair and Revival terminals.<br><font color="#00ff99">Climate warning:</font> The outside temperatue might drop below zero, make sure you have a warm outfit.]]></notes>	
		</entry>			
			<entry type="Revival point" X="13234" Y="26186" Height="544"/>	
		<entry type="Teleporter" name="Panther Digsite" X="14313" Y="27170" Height="471" image="images/arkadia/pds.jpg">
					<notes><![CDATA[This provisional camp is equipped with Storage, Trade, Repair and Revival terminals.<br><font color="#00ff99">Climate warning:</font> The outside temperatue might drop below zero, make sure you have a warm outfit.]]></notes>	
		</entry>			
			<entry type="Revival point" X="14300" Y="27183" Height="473"/>					
		<entry type="Teleporter" name="Leopard Digsite" X="15707" Y="28654" Height="458" image="images/arkadia/lds.jpg">
					<notes><![CDATA[This provisional camp is equipped with Storage, Trade, Repair and Revival terminals.<br><font color="#00ff99">Climate warning:</font> The outside temperatue might drop below zero, make sure you have a warm outfit.]]></notes>	
		</entry>			
			<entry type="Revival point" X="15686" Y="28645" Height="461"/>
		<entry type="Teleporter" name="Courageous Firebase" X="15184" Y="25709" Height="635" image="images/arkadia/cfb.jpg">
			<notes><![CDATA[A fortified military compound, equipped with a few command modules and IFN terminal.]]></notes>		
		</entry>									
			<entry type="Revival point" X="15156" Y="25731" Height="634"/>
		<entry type="Teleporter" name="Courageous Firebase Academy" X="15667" Y="25619" Height="421" image="images/arkadia/cfba.jpg">
			<notes><![CDATA[One of starting areas for new players with introductory and mission guides and all the terminals available.]]></notes>		
		</entry>									
			<entry type="Revival point" X="15691" Y="25649" Height="420"/>		
		<entry type="Teleporter" name="Sanctuary Cove" X="20425" Y="29940" Height="88" image="images/arkadia/sc.jpg">
			<notes><![CDATA[A tranquil area near a lake, equipped with a command module and all terminals.]]></notes>		
		</entry>									
			<entry type="Revival point" X="20428" Y="29973" Height="88"/>			
		<entry type="Teleporter" name="Formidable Firebase" X="21964" Y="25325" Height="414" image="images/arkadia/fmfb.jpg">
			<notes><![CDATA[A fortified military compound, equipped with a few command modules and IFN terminal.]]></notes>		
		</entry>									
			<entry type="Revival point" X="21933" Y="25307" Height="413"/>
		<entry type="Teleporter" name="Formidable Firebase Academy" X="21362" Y="25259" Height="346" image="images/arkadia/fmfba.jpg">
			<notes><![CDATA[One of starting areas for new players with introductory and mission guides and all the terminals available.]]></notes>		
		</entry>									
			<entry type="Revival point" X="21344" Y="25224" Height="346"/>				
		<entry type="Teleporter" name="Moshane's Legacy" X="23839" Y="27841" Height="361" image="images/arkadia/msl.jpg">
			<notes><![CDATA[The outpost equipped with a command module with all terminals available.]]></notes>		
		</entry>	
			<entry type="Revival point" X="23853" Y="27854" Height="360"/>			
		<entry type="Teleporter" name="Python Digsite" X="25724" Y="30128" Height="392" image="images/arkadia/ptds.jpg">
					<notes><![CDATA[This provisional camp is equipped with Storage, Trade, Repair and Revival terminals.]]></notes>	
		</entry>			
			<entry type="Revival point" X="25696" Y="30122" Height="395"/>
		<entry type="Teleporter" name="Mamba Digsite" X="26464" Y="28348" Height="338" image="images/arkadia/mds.jpg">
					<notes><![CDATA[This provisional camp is equipped with Storage, Trade, Repair and Revival terminals.]]></notes>	
		</entry>			
			<entry type="Revival point" X="26470" Y="28320" Height="341"/>			
		<entry type="Teleporter" name="Cobra Digsite" X="27698" Y="26851" Height="466" image="images/arkadia/cbds.jpg">
					<notes><![CDATA[This provisional camp is equipped with Storage, Trade, Repair and Revival terminals.]]></notes>	
		</entry>			
			<entry type="Revival point" X="27725" Y="26847" Height="469"/>				
		<entry type="Teleporter" name="Taipan Digsite" X="30837" Y="27063" Height="346" image="images/arkadia/tds.jpg">
					<notes><![CDATA[This provisional camp is equipped with Storage, Trade, Repair and Revival terminals.]]></notes>	
		</entry>			
			<entry type="Revival point" X="30848" Y="27086" Height="348"/>		
		<entry type="Teleporter" name="Dependable Firebase" X="27426" Y="25138" Height="478" image="images/arkadia/dpfb.jpg">
			<notes><![CDATA[A fortified military compound, equipped with a few command modules and IFN terminal.]]></notes>		
		</entry>									
			<entry type="Revival point" X="27391" Y="25128" Height="477"/>
		<entry type="Teleporter" name="Dependable Firebase Academy" X="27070" Y="25314" Height="460" image="images/arkadia/dpfba.jpg">
			<notes><![CDATA[One of starting areas for new players with introductory and mission guides and all the terminals available.]]></notes>		
		</entry>				
			<entry type="Revival point" X="27041" Y="25287" Height="459"/>				
				
		<entry type="Revival point" X="28225" Y="13556" Height="100" image="images/arkadia/sar1.jpg">
			<notes><![CDATA[This stand alone revival is equipped with a command module and all terminals.]]></notes>
		</entry>				
		<entry type="Revival point" X="22464" Y="13544" Height="265" name="Smuggler's hideout" color="0xff9900">
			<notes><![CDATA[This stand alone revival is equipped with Storage, Trade, Repair and Revival terminals.<br><font color="#00ff99">Safety warning:</font> Rumor has it that the area is frequently visited by smugglers, who use remote revival camps as a storage for illegal military supplies.]]></notes>	
		</entry>
		<entry type="Revival point" X="18053" Y="18390" Height="505" name="Smuggler's hideout" color="0xff9900">		
			<notes><![CDATA[This stand alone revival is equipped with Storage, Trade, Repair and Revival terminals.<br><font color="#00ff99">Safety warning:</font> Rumor has it that the area is frequently visited by smugglers, who use remote revival camps as a storage for illegal military supplies.]]></notes>	
		</entry>
		<entry type="Revival point" X="26220" Y="18766" Height="216" name="Smuggler's hideout" color="0xff9900">		
			<notes><![CDATA[This stand alone revival is equipped with Storage, Trade, Repair and Revival terminals.<br><font color="#00ff99">Safety warning:</font> Rumor has it that the area is frequently visited by smugglers, who use remote revival camps as a storage for illegal military supplies.]]></notes>	
		</entry>
		<entry type="Revival point" X="27714" Y="29541" Height="411" image="images/arkadia/sar2.jpg">		
			<notes><![CDATA[This stand alone revival is equipped with a command module and all terminals.]]></notes>
		</entry>		
		<entry type="Revival point" X="17079" Y="26593" Height="396" name="Smuggler's hideout" color="0xff9900">		
			<notes><![CDATA[This stand alone revival is equipped with Storage, Trade, Repair and Revival terminals.<br><font color="#00ff99">Safety warning:</font> Rumor has it that the area is frequently visited by smugglers, who use remote revival camps as a storage for illegal military supplies.]]></notes>
		</entry>			
		<entry type="Revival point" X="11777" Y="30096" Height="432">		
			<notes><![CDATA[This stand alone revival is equipped with a command module and all terminals.]]></notes>
		</entry>			
		<!-- UPDATE 10.12.2011 -->
		<entry type="Teleporter" name="8C Windy Isles" X="9291" Y="22323" Height="105" image="images/arkadia/8cwi.jpg">
			<notes><![CDATA[The teleporter is located at the Windy Isles Research Centre, with all the terminals available inside.]]></notes>
		</entry>
			<entry type="Revival point" X="9285" Y="22386" Height="104"/>		
		<entry type="Teleporter" name="Cyclone Point" X="18575" Y="31451" Height="118" image="images/arkadia/cp.jpg">
			<notes><![CDATA[This outpost is equipped with a standard command module, all terminals available inside.]]></notes>
		</entry>
			<entry type="Revival point" X="18605" Y="31462" Height="117"/>		
		<entry type="Teleporter" name="Storm's Keep" X="23223" Y="31400" Height="97" image="images/arkadia/sk.jpg">
			<notes><![CDATA[This outpost is equipped with a standard command module, all terminals available inside.]]></notes>
		</entry>
			<entry type="Revival point" X="23247" Y="31410" Height="97"/>
			
		<!-- watchtower revs -->
		<entry type="Revival point" X="30471" Y="15947" Height="361"/>
		<entry type="Revival point" X="30955" Y="15591" Height="264"/>
		<entry type="Revival point" X="31118" Y="15119" Height="241"/>
		<entry type="Revival point" X="31065" Y="14333" Height="266"/>
		<entry type="Revival point" X="31502" Y="13979" Height="231"/>
		
		<entry type="Revival point" name="Watchtower" X="30871" Y="11842" Height="157"/>
		<entry type="Revival point" name="Watchtower" X="31152" Y="11163" Height="146"/>

		<entry type="Colonist-owned land area" data="8201,24572:9145,24573:9151,23994:9697,23695:10129,23329:10521,22738:10594,22385:10494,21980:8194,21980:1" name="8CS - Region F"/>
		<entry type="Colonist-owned land area" data="12975,24573:15162,24573:15162,22073:12975,22073:1" name="8CS - Region J"/>
		<entry type="Colonist-owned land area" data="11585,21481:12686,21481:12686,19967:11585,19967:1" name="8 Coins HQ"/>
		<entry type="Colonist-owned land area" data="8196,19001:10490,20191:10895,19686:10888,18768:10589,18648:10117,18050:8196,18057:1" name="8CS - Region B"/>
		<entry type="Colonist-owned land area" data="12374,18284:14193,18282:14188,17472:13479,17478:13476,17577:13116,17577:13118,17469:12383,17478:1" name="8CS - Hunting Zone 3"/>
		<entry type="Colonist-owned land area" data="13986,20692:13372,20286:13381,18881:14702,18873:14702,20695:1" name="8CS - Defiant Firebase Fields"/>
		<entry type="Colonist-owned land area" data="8192,21995:10494,21995:10495,20179:8192,18983:1" name="8CS - Region H"/>
		<entry type="Colonist-owned land area" data="9139,24580:9136,23990:9700,23674:10129,23312:10517,22718:10584,22369:12987,22370:12988,24582:1" name="8CS - Region E"/>
		<entry type="Colonist-owned land area" data="15155,23611:15566,23611:15566,22897:15155,22897:1" name="8CS - Prospectors Seclusion"/>
		<entry type="Colonist-owned land area" data="8193,18069:10119,18064:9651,17461:9440,17119:9133,16386:8193,16390:1" name="8CS - Region A"/>
		<entry type="Colonist-owned land area" data="10581,22380:12987,22385:12994,22092:12682,21470:11598,21470:11601,19983:12684,19981:12689,18271:12088,18275:12082,18482:11598,18480:10871,18773:10883,19676:10488,20173:10482,21991:1" name="8CS - Region G"/>
		<entry type="Colonist-owned land area" data="16376,19185:15168,19187:14687,18889:14175,18285:14168,16390:16384,16397:1" name="8CS - Region D"/>
		<entry type="Colonist-owned land area" data="15149,24569:16384,24569:16373,19171:15149,19164:15149,22908:15553,22914:15561,23596:15150,23594:1" name="8CS - Region I"/>
		<entry type="Colonist-owned land area" data="9118,16385:9430,17126:9643,17479:10106,18069:10579,18661:10886,18786:11604,18492:12097,18493:12103,18284:12393,18284:12401,16392:1" name="8CS - Region K"/>
		<entry type="Colonist-owned land area" data="13285,17391:13479,17391:13481,17489:14188,17485:14181,16386:13284,16386:1" name="8CS - Hunting Zone 2"/>
		<entry type="Colonist-owned land area" data="12384,16384:12384,17495:13117,17484:13118,17389:13298,17389:13299,16384:1" name="8CS - Hunting Zone 1"/>
		<entry type="Colonist-owned land area" data="14663,18886:14694,18868:14181,18274:12678,18272:12675,21484:12982,22084:15160,22082:15164,19170:14713,18887:14687,18912:14687,20681:13988,20679:13387,20281:13393,18892:1" name="8CS - Region C"/>
		
		
		<entry type="Colonist-owned land area" data="17182,32368:18669,32368:18669,31370:17182,31370:1" name="Cyclon Point"/>
		<entry type="Colonist-owned land area" data="18682,32366:20162,32366:20162,31371:18682,31371:1" name="Cyclon Flats"/>
		<entry type="Colonist-owned land area" data="17182,31354:18671,31354:18671,30475:17182,30475:1" name="Lightning Flats"/>
		<entry type="Colonist-owned land area" data="18684,31355:20164,31355:20164,30477:18684,30477:1" name="Thunder Hills"/>
		<entry type="Colonist-owned land area" data="17181,30459:18672,30459:18672,29568:17181,29568:1" name="Lightning Coast"/>
		<entry type="Colonist-owned land area" data="20175,32367:21672,32367:21672,31371:20175,31371:1" name="Storm Beach"/>
		<entry type="Colonist-owned land area" data="18688,30462:20164,30462:20164,29177:18688,29177:1" name="Lightning Peak"/>
		<entry type="Colonist-owned land area" data="20178,31358:21673,31358:21673,30474:20178,30474:1" name="Thunder Ridge"/>
		<entry type="Colonist-owned land area" data="21690,32367:23172,32367:23172,31369:21690,31369:1" name="Storm Coast"/>
		<entry type="Colonist-owned land area" data="20178,30119:20568,30119:20568,29176:20178,29176:1" name="Sanctuary Bay"/>
		<entry type="Colonist-owned land area" data="23191,32367:24081,32367:24081,30872:23191,30872:1" name="Storm's Keep"/>
		<entry type="Colonist-owned land area" data="21690,31355:23172,31355:23172,30470:21690,30470:1" name="Thunder Plains"/>
		<entry type="Colonist-owned land area" data="20178,30460:20177,30134:20583,30134:20583,29569:21668,29569:21672,30459:1" name="Sanctuary Crossing"/>
		<entry type="Colonist-owned land area" data="21687,30456:23171,30456:23171,29568:21687,29568:1" name="Sanctuary Shores"/>
		
	</continent>
	
</entries>

