<?xml version="1.0" encoding="utf-8"?>
<entries title="fruit/stone/dung">

	<continent name="Eudoria">
	
		<entry X="85974" Y="93786" type="Fruit" size="60" time="2011-03-12 14:44:11" sort="Caroot"/>	
		<entry X="87684" Y="93787" type="Fruit" size="113" time="2011-03-13 03:13:00" sort="Bombardo"/>	
		<entry X="88175" Y="94713" type="Fruit" size="36" time="2011-03-14 13:51:53" sort="Bombardo"/>	
		<entry X="87341" Y="95422" type="Fruit" size="74" time="2011-03-15 12:29:11" sort="Caroot"/>	
		<entry X="83404" Y="91675" type="Fruit" size="194" time="2011-03-23 04:11:51" sort="Papplon"/>	
		<entry X="85028" Y="91170" type="Dung" size="43" time="2011-03-24 19:15:23" sort="Common"/>	
		<entry X="86821" Y="93581" type="Fruit" size="93" time="2011-03-25 13:46:50" sort="Caroot"/>	
		<entry X="88225" Y="95748" type="Fruit" size="31" time="2011-03-25 15:48:18" sort="Caroot"/>
		<entry X="85815" Y="91211" type="Fruit" size="36" time="2011-03-29 02:38:42" sort="Bombardo"/>	
		<entry X="89288" Y="93250" type="Dung" size="43" time="2011-03-29 14:33:58" sort="Common"/>	
		<entry X="83494" Y="92656" type="Fruit" size="158" time="2011-03-30 18:30:24" sort="Bombardo"/>
		<entry X="88615" Y="91455" type="Dung" size="43" time="2011-04-01 16:22:04" sort="Common"/>		
		<entry X="85882" Y="96126" type="Dung" size="100" time="2011-04-03 16:59:44" sort="Common"/>
		<entry X="89347" Y="96468" type="Fruit" size="37" time="2011-04-05 08:11:04" sort="Papplon"/>
		<entry X="88609" Y="94519" type="Fruit" size="29" time="2011-04-06 12:15:11" sort="Papplon"/>
		<entry X="83666" Y="92407" type="Fruit" size="30" time="2011-04-08 06:09:16" sort="Caroot"/>
		<entry X="84280" Y="91879" type="Stone" size="34" time="2011-04-08 07:03:50" sort="Brukite"/>
		<entry X="87210" Y="94769" type="Dung" size="39" time="2011-04-08 16:42:24" sort="Common"/>
		<entry X="87247" Y="93820" type="Dung" size="37" time="2011-04-11 17:51:24" sort="Common"/>
		<entry X="86634" Y="95768" type="Fruit" size="36" time="2011-04-13 15:25:50" sort="Papplon"/>
		<entry X="85957" Y="96873" type="Dung" size="34" time="2011-04-15 22:18:39" sort="Common"/>
		<entry X="86288" Y="91320" type="Stone" size="37" time="2011-04-16 10:55:30" sort="Kaldon"/>
		<entry X="62266" Y="88060" type="Stone" size="34" time="2011-04-23 10:29:34" sort="Nissit"/>
		<entry X="62126" Y="87502" type="Fruit" size="28" time="2011-04-23 11:27:56" sort="Haimoros"/>
		<entry X="62728" Y="87328" type="Fruit" size="88" time="2011-04-23 11:34:25" sort="Bombardo"/>
		<entry X="87908" Y="94966" type="Stone" size="36" time="22011-04-24 11:00:19" sort="Kaldon"/>
		<entry X="87977" Y="94863" type="Dung" size="36" time="2011-04-24 11:03:42" sort="Common"/>
		
	</continent>
	
	<continent name="Amethera">
	
		<entry X="29256" Y="35613" type="Fruit" size="15" time="2011-04-10 10:52:13" sort="Bombardo"/>

	</continent>

	
</entries>

