<?xml version="1.0" encoding="utf-8"?>

<entries title="TP,Rev,LA">

	<continent name="Cyrene">

		<entry type="Revival point" X="124953" Y="89013" Height="158"/>
		<entry type="Revival point" X="126171" Y="88685" Height="136"/>
		<entry type="Revival point" X="129204" Y="88707" Height="111"/> 
		<entry type="Revival point" X="129907" Y="86694" Height="122"/>
		<entry type="Revival point" X="128169" Y="85201" Height="139"/> 
		<entry type="Revival point" X="128547" Y="83765" Height="111"/>
		<entry type="Revival point" X="124477" Y="83673" Height="111"/>
		<entry type="Revival point" X="129090" Y="82627" Height="130"/> 
		
		<entry type="Revival point" X="133804" Y="82599" Height="115"/> 
		<entry type="Revival point" X="131786" Y="84340" Height="118"/>
		<entry type="Revival point" X="131472" Y="86014" Height="106"/> 
		<entry type="Revival point" X="133809" Y="85324" Height="173"/> 
		<entry type="Revival point" X="135569" Y="84864" Height="209"/> 
		<entry type="Revival point" X="136183" Y="83632" Height="148"/> 
		<entry type="Revival point" X="136494" Y="85543" Height="179"/> 
		<entry type="Revival point" X="136543" Y="85816" Height="423"/> 
		<entry type="Revival point" X="137542" Y="87254" Height="151"/> 
		
		<entry type="Revival point" X="129850" Y="80056" Height="398"/> 
		<entry type="Revival point" X="128867" Y="78904" Height="101"/> 
		<entry type="Revival point" X="125775" Y="81074" Height="128"/> 
		<entry type="Revival point" X="124234" Y="81621" Height="149"/> 
		<entry type="Revival point" X="124731" Y="79400" Height="160"/> 
		
		<entry type="Teleporter" X="124940" Y="89011" Height="158" name="Base Camp Zeta"/>
		<entry type="Teleporter" X="126169" Y="88691" Height="136" name="Base Camp Gamma"/>
		<entry type="Teleporter" X="129216" Y="88707" Height="112" name="Waterfall perimieter"/>
		<entry type="Teleporter" X="129926" Y="86702" Height="123" name="Aerial Base Outskirts"/>
		<entry type="Teleporter" X="128172" Y="85186" Height="139" name="Base Camp Epsilon"/>
		<entry type="Teleporter" X="128532" Y="83771" Height="111" name="Southern Base"/>
		<entry type="Teleporter" X="124470" Y="83679" Height="112" name="Craggs Point West"/>
		<entry type="Teleporter" X="129131" Y="82649" Height="130" name="ARC HQ"/>
		
		<entry type="Teleporter" X="133811" Y="82603" Height="115" name="Zeladoth Spawning Grounds"/>
		<entry type="Teleporter" X="131793" Y="84355" Height="118" name="Zik Outskirts"/>
		<entry type="Teleporter" X="131470" Y="86011" Height="106" name="XABY"/>
		<entry type="Teleporter" X="133819" Y="85326" Height="173" name="B.A.R.A.L."/>
		<entry type="Teleporter" X="135570" Y="84860" Height="209" name="Shadowed Glade"/>
		<entry type="Teleporter" X="136187" Y="83628" Height="148" name="Crystal Garden"/>
		<entry type="Teleporter" X="136488" Y="85548" Height="179" name="Center of Janus"/>
		<entry type="Teleporter" X="136531" Y="85810" Height="424" name="Janus Gateway"/>
		<entry type="Teleporter" X="137530" Y="87249" Height="151" name="Hunting Grounds"/>
		
		<entry type="Teleporter" X="129828" Y="80084" Height="398" name="The Brim"/>
		<entry type="Teleporter" X="128878" Y="78978" Height="101" name="R66-X"/>
		<entry type="Teleporter" X="125735" Y="81073" Height="129" name="Volcano Beach"/>
		<entry type="Teleporter" X="124215" Y="81615" Height="149" name="Base Camp Oak"/>
		<entry type="Teleporter" X="124733" Y="79411" Height="160" name="Checkpoint"/>
		

	</continent>
	
</entries>

