<?xml version="1.0" encoding="utf-8"?>
<!--

Contributions:

	Eudoria LA - Capt. Spaulding
	Eudoria Tps and Images - Sheilna

-->
	<entries title="TPs,Revs,LAs">

		<continent name="Eudoria">
		
		<entry type="Revival point" X="69675" Y="73058"/>
		<entry type="Revival point" X="72429" Y="81318"/>
		<entry type="Revival point" X="69551" Y="82915"/>
		<entry type="Revival point" X="75192" Y="75058"/>
		<entry type="Revival point" X="78864" Y="77248"/>
		<entry type="Revival point" X="61394" Y="75351"/>
		<entry type="Revival point" X="61274" Y="75065"/>
		<entry type="Revival point" X="64128" Y="77118"/>
		<entry type="Revival point" X="62030" Y="80230"/>
		<entry type="Revival point" X="77829" Y="76653"/>
		<entry type="Revival point" X="62042" Y="88586"/>
		<entry type="Revival point" X="59052" Y="84442"/>
		<entry type="Revival point" X="62897" Y="82499"/>
		<entry type="Revival point" X="64552" Y="86713"/>
		<entry type="Revival point" X="65018" Y="85724"/>
		<entry type="Revival point" X="87395" Y="95459"/>
		<entry type="Revival point" X="85351" Y="95638"/>
		<entry type="Revival point" X="88236" Y="93398"/>
		<entry type="Revival point" X="83534" Y="93396"/>
		<entry type="Revival point" X="89202" Y="91694"/>
		<entry type="Revival point" X="85419" Y="91406"/>
		<entry type="Revival point" X="86542" Y="94701"/>
		<entry type="Revival point" X="83522" Y="87127"/>
		<entry type="Revival point" X="87124" Y="89462"/>
		<entry type="Revival point" X="87442" Y="85158"/>
		<entry type="Revival point" X="89044" Y="83540"/>
		<entry type="Revival point" X="87961" Y="81056"/>
		<entry type="Revival point" X="88241" Y="78574"/>
		<entry type="Revival point" X="87072" Y="78523"/>
		<entry type="Revival point" X="85179" Y="79297"/>
		<entry type="Revival point" X="83229" Y="80250"/>
		<entry type="Revival point" X="83866" Y="78175"/>
		<entry type="Revival point" X="88342" Y="75363"/>
		<entry type="Revival point" X="85617" Y="75764"/>
		<entry type="Revival point" X="83192" Y="75307"/>
		<entry type="Revival point" X="82179" Y="78304"/>
		<entry type="Revival point" X="83737" Y="83565"/>
		<entry type="Revival point" X="81147" Y="72646"/>
		<entry type="Revival point" X="78846" Y="72565"/>
		<entry type="Revival point" X="80641" Y="70478"/>
		<entry type="Revival point" X="80484" Y="68337"/>
		<entry type="Revival point" X="78379" Y="66797"/>
		<entry type="Revival point" X="74376" Y="67344"/>
		<entry type="Revival point" X="74045" Y="71980"/>
		<entry type="Revival point" X="75070" Y="72673"/>
		<entry type="Revival point" X="71493" Y="68189"/>
		<entry type="Revival point" X="70038" Y="66957"/>
		<entry type="Revival point" X="68971" Y="67712"/>
		<entry type="Revival point" X="68815" Y="69245"/>
		<entry type="Revival point" X="71342" Y="69526"/>
		<entry type="Revival point" X="66758" Y="70109"/>
		<entry type="Revival point" X="66350" Y="70952"/>
		<entry type="Revival point" X="67462" Y="70885"/>
		<entry type="Revival point" X="69442" Y="71688"/>
		<entry type="Revival point" X="70713" Y="71620"/>
		<entry type="Revival point" X="71907" Y="72536"/>
		<entry type="Revival point" X="66822" Y="74595"/>
		<entry type="Revival point" X="68099" Y="74792"/>
		<entry type="Revival point" X="67345" Y="76026"/>
		<entry type="Revival point" X="71192" Y="74159"/>
		<entry type="Revival point" X="69559" Y="77475"/>
		<entry type="Revival point" X="67238" Y="78420"/>
		<entry type="Revival point" X="68250" Y="79029"/>
		<entry type="Revival point" X="71232" Y="79139"/>
		<entry type="Revival point" X="72461" Y="78170"/>
		<entry type="Revival point" X="73282" Y="76003"/>
		<entry type="Revival point" X="65964" Y="81298"/>
		<entry type="Revival point" X="62138" Y="87234"/>
		<entry type="Revival point" X="62036" Y="85433"/>
		<entry type="Revival point" X="59437" Y="85087"/>
		<entry type="Revival point" X="59465" Y="81063"/>
		<entry type="Revival point" X="69465" Y="88762"/>
		<entry type="Revival point" X="68586" Y="87920"/>
		<entry type="Revival point" X="67121" Y="88502"/>
		<entry type="Revival point" X="70426" Y="86756"/>
		<entry type="Revival point" X="68970" Y="85622"/>
		<entry type="Revival point" X="72300" Y="86416"/>
		<entry type="Revival point" X="66893" Y="84478"/>
		<entry type="Revival point" X="68612" Y="82994"/>
		<entry type="Revival point" X="71684" Y="82313"/>
		<entry type="Revival point" X="73277" Y="83622"/>
		<entry type="Revival point" X="75654" Y="77137"/>
		<entry type="Revival point" X="77123" Y="75409"/>
		<entry type="Revival point" X="80407" Y="74590"/>
		<entry type="Revival point" X="78435" Y="78048"/>
		<entry type="Revival point" X="76812" Y="79145"/>
		<entry type="Revival point" X="75649" Y="80242"/>
		<entry type="Revival point" X="79922" Y="80222"/>
		<entry type="Revival point" X="80825" Y="80335"/>
		<entry type="Revival point" X="80828" Y="78097"/>
		<entry type="Revival point" X="78652" Y="97211"/>
		<entry type="Revival point" X="77152" Y="93997"/>
		<entry type="Revival point" X="80707" Y="91850"/>
		<entry type="Revival point" X="79467" Y="90969"/>
		<entry type="Revival point" X="74574" Y="92046"/>
		<entry type="Revival point" X="75539" Y="92679"/>
		<entry type="Revival point" X="79546" Y="87868"/>
		<entry type="Revival point" X="74250" Y="85858"/>
		<entry type="Revival point" X="78489" Y="82308"/>
		<entry type="Revival point" X="82431" Y="90723"/>
		<entry type="Revival point" X="81129" Y="75693"/>
		<entry type="Revival point" X="69243" Y="79631"/>
		<entry type="Revival point" X="73413" Y="72810"/>
		<entry type="Revival point" X="61978" Y="76189"/>
		<entry type="Revival point" X="61496" Y="68926"/>
		<entry type="Revival point" X="58481" Y="70212"/>
		<entry type="Revival point" X="61129" Y="73260"/>
		<entry type="Revival point" X="61997" Y="66816"/>
		<entry type="Revival point" X="61220" Y="75895"/>
		<entry type="Revival point" X="61253" Y="77035"/>
		<entry type="Revival point" X="63229" Y="74418"/>
		<entry type="Revival point" X="74542" Y="89253" name="Old Aloode TP"/>
		<entry type="Revival point" X="64673" Y="68923" name="Middle of nowhere"/>
		<entry type="Revival point" X="62992" Y="76580" name="Nus Lull"/>
		<entry type="Revival point" X="75866" Y="91482" name="South Argus"/>
		<entry type="Revival point" X="62029" Y="75567" name="Swamp Camp"/>

		<entry type="Teleporter" X="74217" Y="85854" name="Aegis Mound" image="images/eudoria/tp/aegismound.jpg"/>
		<entry type="Teleporter" X="82221" Y="78319" name="Ashi" image="images/eudoria/tp/ashi.jpg"/>
		<entry type="Teleporter" X="71632" Y="68192" name="Athena Spaceport" image="images/eudoria/tp/athenaspaceport.jpg"/>
		<entry type="Teleporter" X="61498" Y="68920" name="Atlantis Archipelago" image="images/eudoria/tp/atlantisarchipelago.jpg"/>
		<entry type="Teleporter" X="71671" Y="82343" name="Atlas Haven" image="images/eudoria/tp/atlashaven.jpg"/>
		<entry type="Teleporter" X="62003" Y="80262" name="Billy's Spaceship Afterworld" image="images/eudoria/tp/billys.jpg"/>
		<entry type="Teleporter" X="74369" Y="67304" name="Boreas" image="images/eudoria/tp/boreas.jpg"/>
		<entry type="Teleporter" X="87157" Y="89491" name="Camp Caravan" image="images/eudoria/tp/campcaravan.jpg"/>
		<entry type="Teleporter" X="79520" Y="87859" name="Camp Echidna" image="images/eudoria/tp/campechidna.jpg"/>
		<entry type="Teleporter" X="81002" Y="87523" name="Camp Echidna East Hangar" image="images/eudoria/tp/campechidnaeasthangar.jpg"/>
		<entry type="Teleporter" X="77876" Y="88976" name="Camp Echidna North Hangar" image="images/eudoria/tp/campechidnanorthhangar.jpg"/>
		<entry type="Teleporter" X="62928" Y="82507" name="Camp Phoenix" image="images/eudoria/tp/campphoenix.jpg"/>
		<entry type="Teleporter" X="61981" Y="88526" name="Cape Corinth" image="images/eudoria/tp/capecorinth.jpg"/>
		<entry type="Teleporter" X="78512" Y="82343" name="Chimera Canyons" image="images/eudoria/tp/chimeracanyons.jpg"/>
		<entry type="Teleporter" X="68160" Y="74755" name="Chug's Hideout" image="images/eudoria/tp/chugshideout.jpg"/>
		<entry type="Teleporter" X="63675" Y="86526" name="Corinth East Hangars A" image="images/eudoria/tp/corintheasthangarsa.jpg"/>
		<entry type="Teleporter" X="63898" Y="86290" name="Corinth East Hangars B" image="images/eudoria/tp/corintheasthangarsb.jpg"/>
		<entry type="Teleporter" X="60810" Y="86630" name="Corinth West Hangars A" image="images/eudoria/tp/corinthwesthangarsa.jpg"/>
		<entry type="Teleporter" X="61053" Y="86285" name="Corinth West Hangars B" image="images/eudoria/tp/corinthwesthangarsb.jpg"/>
		<entry type="Teleporter" X="75048" Y="72628" name="East Scylla Mountains" image="images/eudoria/tp/eastscyllamountains.jpg"/>
		<entry type="Teleporter" X="71411" Y="69462" name="Eos" image="images/eudoria/tp/eos.jpg"/>
		<entry type="Teleporter" X="73300" Y="75970" name="Eurus" image="images/eudoria/tp/eurus.jpg"/>
		<entry type="Teleporter" X="79951" Y="80210" name="Fort Ares" image="images/eudoria/tp/fortares.jpg"/>
		<entry type="Teleporter" X="75575" Y="92652" name="Fort Argus" image="images/eudoria/tp/fortargus.jpg"/>
		<entry type="Teleporter" X="68199" Y="79048" name="Fort Fury" image="images/eudoria/tp/fortfury.jpg"/>
		<entry type="Teleporter" X="68530" Y="87953" name="Fort Ithaca" image="images/eudoria/tp/fortithaca.jpg"/>
		<entry type="Teleporter" X="68642" Y="83013" name="Fort Medusa" image="images/eudoria/tp/fortmedusa.jpg"/>
		<entry type="Teleporter" X="83775" Y="83550" name="Fort Pandora" image="images/eudoria/tp/fortpandora.jpg"/>
		<entry type="Teleporter" X="80505" Y="68300" name="Fort Troy" image="images/eudoria/tp/forttroy.jpg"/>
		<entry type="Teleporter" X="86542" Y="94701" name="Fort Zeus" image="images/eudoria/tp/fortzeus.jpg"/>
		<entry type="Teleporter" X="80743" Y="91843" name="Honuri" image="images/eudoria/tp/honuri.jpg"/>
		<entry type="Teleporter" X="85419" Y="91406" name="Isslye" image="images/eudoria/tp/isslye.jpg"/>
		<entry type="Teleporter" X="75700" Y="80230" name="Jason Centre" image="images/eudoria/tp/jasoncentre.jpg"/>
		<entry type="Teleporter" X="70680" Y="71608" name="Jurra Plateu" image="images/eudoria/tp/jurraplateu.jpg"/>
		<entry type="Teleporter" X="71250" Y="79094" name="Limnadian District" image="images/eudoria/tp/limandiandistrict.jpg"/>
		<entry type="Teleporter" X="66930" Y="84476" name="Livas" image="images/eudoria/tp/livas.jpg"/>
		<entry type="Teleporter" X="59090" Y="84430" name="Megavolt Camp" image="images/eudoria/tp/megavolt.jpg"/>
		<entry type="Teleporter" X="87455" Y="85085" name="Minopolis" image="images/eudoria/tp/minopolis.jpg"/>
		<entry type="Teleporter" X="88120" Y="96673" name="North Space Base A" image="images/eudoria/tp/northspacea.jpg"/>
		<entry type="Teleporter" X="88578" Y="95645" name="North Space Base B" image="images/eudoria/tp/northspaceb.jpg"/>
		<entry type="Teleporter" X="88600" Y="94457" name="North Space Base Docks A" image="images/eudoria/tp/northspacedocksa.jpg"/>
		<entry type="Teleporter" X="88544" Y="93896" name="North Space Base Docks B" image="images/eudoria/tp/northspacedocksb.jpg"/>
		<entry type="Teleporter" X="66756" Y="70139" name="Notus" image="images/eudoria/tp/notus.jpg"/>
		<entry type="Teleporter" X="87070" Y="78480" name="Nymphtown" image="images/eudoria/tp/nymphtown.jpg"/>
		<entry type="Teleporter" X="64090" Y="77115" name="Orthos West Mound" image="images/eudoria/tp/orthoswestmound.jpg"/>
		<entry type="Teleporter" X="81182" Y="72677" name="Osere" image="images/eudoria/tp/osere.jpg"/>
		<entry type="Teleporter" X="61418" Y="75217" name="Port Atlantis" image="images/eudoria/tp/pa.jpg"/>
		<entry type="Teleporter" X="61626" Y="75189" name="Port Atlantis Mall" image="images/eudoria/tp/pamall.jpg"/>
		<entry type="Teleporter" X="61373" Y="75000" name="Port Atlantis Marina" image="images/eudoria/tp/pamarina.jpg"/>
		<entry type="Teleporter" X="78052" Y="96381" name="Rogue Plains" image="images/eudoria/tp/rogueplains.jpg"/>
		<entry type="Teleporter" X="79528" Y="97420" name="Rogue Plains East" image="images/eudoria/tp/rogueplainseast.jpg"/>
		<entry type="Teleporter" X="78226" Y="96958" name="Rogue Plains West" image="images/eudoria/tp/rogueplainswest.jpg"/>
		<entry type="Teleporter" X="85591" Y="75780" name="Tukar" image="images/eudoria/tp/tukar.jpg"/>
		<entry type="Teleporter" X="77777" Y="76673" name="Twin Peaks" image="images/eudoria/tp/twinpeaks.jpg"/>
		<entry type="Teleporter" X="77928" Y="76540" name="Twin Peaks Mall" image="images/eudoria/tp/twinpeaksmall.jpg"/>
		<entry type="Teleporter" X="69997" Y="66931" name="Zephyrus" image="images/eudoria/tp/zephyrus.jpg"/>
		<entry type="Teleporter" X="69478" Y="77402" name="Zychion Citadel" image="images/eudoria/tp/zychion.jpg"/>

		<!-- MEDUSA -->
		<entry type="Revival point" X="53390" Y="69339"/>
		<entry type="Revival point" X="55738" Y="69359"/>
		<entry type="Revival point" X="55566" Y="72156"/>
		<entry type="Revival point" X="53536" Y="72475"/>
		<entry type="Revival point" X="50802" Y="72325"/>
		<entry type="Revival point" X="52048" Y="70231"/>
		<entry type="Revival point" X="50911" Y="68512"/>
		<entry type="Revival point" X="55723" Y="66978"/>
		<entry type="Revival point" X="52777" Y="67816"/>
		<entry type="Revival point" X="52266" Y="72141"/>
		<entry type="Teleporter" X="53268" Y="69358" name="Medusa Teleporter" image="images/eudoria/tp/medusa.jpg"/>
		<entry type="Teleporter" X="52260" Y="72159" name="Naga Island Teleporter" image="images/eudoria/tp/naga.jpg"/>

		<entry type="PVP / Toxic zone" name="Toxic zone" X="0" Y="0" data="74983,82554:74117,84788:74913,88787:77312,88787:78033,87030:80583,87030:81726,84778:80593,82554:74983,82554:1">
			<notes><![CDATA[Take a shot or die! Non lootable PVP zone.]]></notes>
		</entry>
		
		<entry type="PVP / Toxic zone" name="PVP 2 Oil Rig" X="83312" Y="79317" color="0xF2D635" shape="circle" radius="2148">
			<notes><![CDATA[Non lootable PVP zone.]]></notes>
		</entry>
		
		<entry type="PVP / Toxic zone" name="PvP 1" color="0xF2D635" shape="poly" data="76278,90899:80118,90899:81830,94323:80822,96211:78918,96211:77494,93619:76278,93619:75622,92323:76278,90899:1">
			<notes><![CDATA[Non lootable PVP zone.]]></notes>
    </entry>

		<entry type="PVP / Toxic zone" name="Fortress Event Area" X="84886" Y="76730" color="0xFFFFFF" shape="circle" radius="1008">
			<notes><![CDATA[Non lootable PVP zone.]]></notes>
		</entry>

		<entry type="PVP / Toxic zone" name="Zychion Event Area" X="69478" Y="77402" color="0xFFFFFF" shape="circle" radius="370">
			<notes><![CDATA[Non lootable PVP zone.]]></notes>
		</entry>

		<entry type="Colonist-owned land area" name="Naga Island" X="0" Y="0" data="51824,71025:51546,71152:51222,71406:50761,71418:50432,71326:49902,70846:49838,70864:49821,70991:49855,71182:49953,71401:49844,71494:49866,71586:49814,71654:49670,71718:49526,72417:49554,73340:50738,73577:51157,73502:51572,73115:51698,72891:51705,72828:51930,72401:52028,72291:52142,72286:52206,72239:52316,72100:52333,72008:52274,71905:52177,71778:52119,71794:52078,71719:52154,71188:1">
			<notes><![CDATA[Hunting tax:0.00%<br>Mining tax: 0.00%<br>Shopping tax: 0.00%]]></notes>
		</entry>
		<entry type="Colonist-owned land area" name="Ayida Island" X="0" Y="0" data="52732,71331:52478,71429:52369,71700:52398,72086:52213,72358:52034,72548:51884,72986:52074,73499:53538,73517:54312,73114:54318,73074:54086,72971:54080,72475:54288,72250:54300,72134:54126,71898:54081,71616:53867,71570:53694,71910:53533,71934:53290,71783:53101,71477:1">
			<notes><![CDATA[Hunting tax:0.00%<br>Mining tax: 0.00%<br>Shopping tax: 0.00%]]></notes>
		</entry>
		<entry type="Colonist-owned land area" name="Ouroboros Island" X="0" Y="0" data="54876,71014:54784,71071:54715,71186:54658,71377:54589,71406:54416,71510:54335,71706:54468,72167:54612,72202:54653,72184:54733,72259:54722,72317:54837,72490:54831,72710:54890,72854:55005,72970:55241,73085:55494,73160:55518,73218:55563,73218:56007,73466:56526,73171:56803,72784:56855,72554:56913,72478:56993,72231:56999,72127:56930,71827:56878,71671:56757,71538:56647,71486:56554,71233:56478,71158:56282,71123:56109,71123:55965,71244:55861,71307:55740,71238:55624,71284:55538,71255:55422,71336:55352,71342:55311,71308:55311,71215:55098,71100:55018,71025:1">
			<notes><![CDATA[Hunting tax:0.00%<br>Mining tax: 0.00%<br>Shopping tax: 0.00%]]></notes>
		</entry>
		<entry type="Colonist-owned land area" name="Bakunawa Island" X="0" Y="0" data="56507,67946:56398,67951:56058,68130:55949,68147:55845,68222:55846,68690:55759,68690:55713,68718:55574,68694:55350,68833:55280,68763:55228,68774:55108,68664:54957,68664:54864,68815:54789,68873:54754,68937:54587,69000:54512,69185:54541,69410:54598,69455:54782,69455:54950,69386:55025,69288:55146,69334:55244,69311:55319,69409:55342,69530:55262,69541:55106,69674:55054,69679:54921,69783:54904,69887:54927,69974:54934,70032:55286,70286:55476,70309:55620,70361:55690,70320:55857,70390:56042,70517:56192,70476:56348,70182:56290,70078:56256,69986:56278,69866:56503,69889:56572,69918:56635,69922:56745,69860:56797,69790:56820,69646:56797,69514:56750,69450:56606,69426:56566,69380:56613,69265:56618,69190:56584,69081:56590,69046:56555,68931:56388,68845:56376,68752:56388,68683:56428,68620:56474,68632:56537,68609:56576,68551:56572,68506:56530,68378:56572,68309:56606,68158:56595,68009:1">
			<notes><![CDATA[Hunting tax:0.00%<br>Mining tax: 0.00%<br>Shopping tax: 0.00%]]></notes>
		</entry>
		<entry type="Colonist-owned land area" name="Apophis Island" X="0" Y="0" data="54992,65653:54669,65699:54651,65844:54461,65966:54398,66196:54426,66289:54322,66589:54680,67172:54362,67351:54287,67472:54253,67610:54305,67754:54264,67847:54265,67922:54201,67922:54178,67958:54288,68062:54346,67992:54409,67958:54438,67986:54432,68044:54478,68148:54466,68206:54414,68253:54426,68316:54386,68362:54420,68431:54489,68403:54541,68398:54570,68432:54610,68421:54605,68334:54702,68259:54678,68184:54719,68028:54771,67936:54766,67884:54835,67878:54910,68023:54887,68266:54939,68370:55084,68312:55182,68202:55378,67942:55534,67925:55638,67971:56018,67844:56214,67740:56336,67700:56498,67561:56555,67481:56596,67336:56971,66725:56873,66667:56948,66540:56999,66517:56976,66436:57022,66326:57000,66194:56862,66234:56734,66147:56272,66147:56023,66061:55556,65946:1">
			<notes><![CDATA[Hunting tax:0.00%<br>Mining tax: 0.00%<br>Shopping tax: 0.00%]]></notes>
		</entry>
		<entry type="Colonist-owned land area" name="Deino Island" X="0" Y="0" data="53093,66854:52424,67217:52406,67372:52370,67372:52330,67210:51956,67240:51834,67407:51725,67511:51788,67586:51805,67678:51742,67879:51863,67989:51984,68300:51984,68427:52111,68386:52233,68410:52296,68525:52509,68617:52566,68928:52594,69021:52566,69113:52750,69118:52861,69182:52866,69290:53142,69389:53148,69192:53251,69100:53511,69025:53465,68840:53470,68730:53666,68690:53742,68632:53776,67848:53753,67353:53683,67151:53545,66978:53093,66854:1">
			<notes><![CDATA[Hunting tax:0.00%<br>Mining tax: 0.00%<br>Shopping tax: 0.00%]]></notes>
		</entry>
		<entry type="Colonist-owned land area" name="Pemphredo Island" X="0" Y="0" data="51210,66279:50716,66557:49982,66701:49805,66762:49599,66773:49466,66928:49598,68338:49693,68654:49937,69126:49959,69470:50092,69665:50209,69682:50309,69770:50476,69660:50558,69477:50537,69432:50653,69233:50803,69310:50975,69150:51013,68999:51196,68910:51223,68982:51194,69143:51240,69154:51394,68994:51582,68910:51710,68926:51898,68815:51882,68610:51938,68354:51822,68026:51671,67921:51732,67654:51658,67537:51669,67448:51786,67359:51936,67187:51210,66279:1">
			<notes><![CDATA[Hunting tax:0.00%<br>Mining tax: 0.00%<br>Shopping tax: 0.00%]]></notes>
		</entry>
		<entry type="Colonist-owned land area" name="Enyo Island" X="0" Y="0" data="52058,68846:51961,68857:51718,69001:51625,68983:51417,69070:51290,69197:51186,69202:51158,69156:51186,69006:51134,68978:51048,69058:51042,69133:50852,69370:50747,69364:50666,69330:50614,69394:50638,69457:50632,69566:50539,69705:50354,69861:50348,69987:50278,70142:50457,70661:50682,70898:50779,70950:51137,70875:51413,70628:51436,70645:51654,70622:52041,70846:52197,70898:52697,70881:52755,70962:52755,71077:52893,71180:53170,71324:53274,71306:53430,71180:53604,70926:53604,70650:53535,70482:53593,70170:53702,69974:53864,69963:54026,69698:53986,69456:53726,69444:53455,69606:53195,69606:53080,69456:52786,69358:52613,69358:52561,69300:52584,69196:52513,69127:52518,68982:52201,68925:1">
			<notes><![CDATA[Hunting tax:0.00%<br>Mining tax: 0.00%<br>Shopping tax: 0.00%]]></notes>
		</entry>
		<entry type="Colonist-owned land area" name="Medusa Bazaar" X="0" Y="0" data="53254,69223:53254,69442:53468,69436:53474,69217:1">
			<notes><![CDATA[Hunting tax:0.00%<br>Mining tax: 0.00%<br>Shopping tax: 0.00%]]></notes>
		</entry>
		
	</continent>
	
</entries>

