<?xml version="1.0" encoding="utf-8"?>

<entries title="TP,Rev,LA">

	<continent name="Ancient Greece">

		<entry type="Revival point" X="35170" Y="19526"/>
		<entry type="Revival point" X="38672" Y="22462"/>
		<entry type="Revival point" X="33982" Y="22064"/>
		
		<entry type="Teleporter" X="33629" Y="22706" name="Dodona"/>
		<entry type="Teleporter" X="39797" Y="20274" name="Ephesus"/>
		<entry type="Teleporter" X="35301" Y="23043" name="Macedonia"/>
		<entry type="Teleporter" X="38017" Y="17215" name="Mount Diete"/>
		<entry type="Teleporter" X="35012" Y="21946" name="Mount Olympus Basecamp"/>
		<entry type="Teleporter" X="34728" Y="22675" name="Mount Olympus Peak"/>
		<entry type="Teleporter" X="35031" Y="20200" name="Olympia"/>
		<entry type="Teleporter" X="35647" Y="19340" name="Sparta"/>
		<entry type="Teleporter" X="33494" Y="19084" name="Syracuse"/>
		<entry type="Teleporter" X="36219" Y="20671" name="Thebes"/>
		<entry type="Teleporter" X="36516" Y="20763" name="Thebes Amphitheater"/>
		<entry type="Teleporter" X="36061" Y="20434" name="Thebes Market"/>
		<entry type="Teleporter" X="38367" Y="23306" name="Thrace"/>
		<entry type="Teleporter" X="39617" Y="22381" name="Troy"/>

	</continent>
	
</entries>

