<?xml version="1.0" encoding="utf-8"?>

<entries title="Mnrl chart">

	<continent name="Next Island">
	
		<entry type="Minerals chart" data="139621,86804:141836,88695:143666,86573:141467,84698:1" Ore="Alferix, Belkar, Blaus, Copper, Lyst, Zinc" Tool="Rookie Finder"/>
		<entry type="Minerals chart" data="131219,98150:139110,98150:139110,90260:131219,90260:1" Ore="Copper, Iron, Lyst, Megan" Tool="Rookie Finder"/>
		<entry type="Minerals chart" data="123248,95329:130922,95329:130922,90254:123248,90254:1" Ore="Lyst" Tool="Rookie Finder"/>
		<entry type="Minerals chart" data="123273,82217:130921,82217:130921,90007:123273,90007:1" Ore="Belkar, Blaus, Copper, Frigulite, Iron, Lyst, Narc" Tool="Rookie Finder"/>
		<entry type="Minerals chart" data="131221,89975:139092,89975:139092,82211:131221,82211:1" Ore="Lyst" Tool="Rookie Finder"/>
		<entry type="Minerals chart" data="141501,84693:142813,85813:144429,83813:143149,82773:1" Ore="Belk, Blaus, Cald, Copper, Frigul, Gazz, Iron, Lyst, Narc" Tool="Rookie Finder"/>
		<entry type="Minerals chart" data="139328,82208:139312,86544:139600,86784:143120,82752:142464,82208:1" Ore="Lyst" Tool="Rookie Finder"/>
		<entry type="Minerals chart" data="142504,82213:147264,86144:147277,82212:1" Ore="Belk, Cald, Copper, Frigul, Lyst" Tool="Rookie Finder"/>
	</continent>
	
</entries>

