<?xml version="1.0" encoding="utf-8"?>

<entries title="TP,Rev,LA">

	<continent name="Next Island">

		<entry type="Revival point" X="138548" Y="82980"/>
		<entry type="Revival point" X="136313" Y="84343"/>
		<entry type="Revival point" X="127622" Y="88416"/>
		<entry type="Revival point" X="128916" Y="88932"/>
		<entry type="Revival point" X="134425" Y="87415"/>
		<entry type="Revival point" X="125442" Y="93145"/>
		<entry type="Revival point" X="128969" Y="84208"/>
		<entry type="Revival point" X="132877" Y="91632"/>
		<entry type="Revival point" X="133520" Y="93968"/>
		<entry type="Revival point" X="136508" Y="84831"/>
		<entry type="Revival point" X="135337" Y="88588"/>
		<entry type="Revival point" X="135400" Y="92960"/>
		<entry type="Revival point" X="130426" Y="93391"/>
		<entry type="Revival point" X="129342" Y="93981"/>
		<entry type="Revival point" X="128357" Y="92612"/>
		<entry type="Revival point" X="126510" Y="90940"/>
		<entry type="Revival point" X="125061" Y="88569"/>
		<entry type="Revival point" X="127989" Y="86739"/>
		<entry type="Revival point" X="133219" Y="84985"/>
		<entry type="Revival point" X="133727" Y="83229"/>
		<entry type="Revival point" X="136550" Y="86591"/>
		<entry type="Revival point" X="132364" Y="93876"/>
		<entry type="Revival point" X="144116" Y="85500" name="Tina Lieu 'Island Girl' Healer"/>
		<entry type="Revival point" X="124254" Y="92814" Height="340"/>
		<entry type="Revival point" X="132258" Y="93083" Height="166"/>
		<entry type="Revival point" X="137361" Y="83252" Height="110"/>
		<entry type="Revival point" X="137508" Y="83375" Height="112"/>
		<entry type="Revival point" X="137839" Y="83275" Height="110"/>
		
		<entry type="Teleporter" X="133747" Y="83236" name="Shepherds' Beach"/>
		<entry type="Teleporter" X="125046" Y="88557" name="Ajoite Ridge"/>
		<entry type="Teleporter" X="138557" Y="82988" name="Ancient Ruins"/>
		<entry type="Teleporter" X="130476" Y="93471" name="Biggle Bog"/>
		<entry type="Teleporter" X="137500" Y="83365" name="Boar Field Low &amp; Medium" Height="112"/>
		<entry type="Teleporter" X="133785" Y="92033" name="Borass Rock"/>
		<entry type="Teleporter" X="132932" Y="97130" name="Bustamite Forest"/>
		<entry type="Teleporter" X="145266" Y="89702" name="Champion Beach"/>
		<entry type="Teleporter" X="144068" Y="85473" name="Club NEVERDIE"/>
		<entry type="Teleporter" X="144171" Y="87535" name="CND Suites BoatEnterance"/>
		<entry type="Teleporter" X="136209" Y="84244" name="Crystal Arrival"/>
		<entry type="Teleporter" X="137093" Y="83307" name="Crystal Bay" Height="104"/>
		<entry type="Teleporter" X="137352" Y="83244" name="Crystal Center" Height="110"/>
		<entry type="Teleporter" X="137042" Y="84286" name="Crystal Cove"/>
		<entry type="Teleporter" X="132411" Y="93861" name="Death Valley"/>
		<entry type="Teleporter" X="133905" Y="88477" name="Drusy Blue Ridge"/>
		<entry type="Teleporter" X="145723" Y="85260" name="Eclipse Valley"/>
		<entry type="Teleporter" X="124343" Y="92686" name="Emily's Lookout"/>
		<entry type="Teleporter" X="129332" Y="94046" name="Enchanted Coastal Research Lodge"/>
		<entry type="Teleporter" X="125372" Y="93124" name="Enchanted Village"/>
		<entry type="Teleporter" X="126916" Y="93294" name="Enchanted Waterfall Ridge"/>
		<entry type="Teleporter" X="141022" Y="86709" name="Eruption Time Travel Club"/>
		<entry type="Teleporter" X="135755" Y="88810" name="Fenster Landing"/>
		<entry type="Teleporter" X="146299" Y="89196" name="Hidden beach"/>
		<entry type="Teleporter" X="146331" Y="89516" name="Hidden Beach Underwater Passage"/>
		<entry type="Teleporter" X="134435" Y="87442" name="Hunters Waterfall Outpost"/>
		<entry type="Teleporter" X="143867" Y="85148" name="Island Girl Spa"/>
		<entry type="Teleporter" X="146955" Y="88668" name="Jungle Of Deams"/>
		<entry type="Teleporter" X="146651" Y="88476" name="Jungle of Dreams Ruins"/>
		<entry type="Teleporter" X="125785" Y="86395" name="Kyanite Lake"/>
		<entry type="Teleporter" X="126006" Y="86929" name="Kyanite Lookout"/>
		<entry type="Teleporter" X="128378" Y="92653" name="Misty Outpost"/>
		<entry type="Teleporter" X="128981" Y="84245" name="Morion Outpost"/>
		<entry type="Teleporter" X="142139" Y="85660" name="Mount Pele"/>
		<entry type="Teleporter" X="142155" Y="86380" name="Mount Pele Checkpoint"/>
		<entry type="Teleporter" X="126484" Y="90978" name="Mushroom Marsh"/>
		<entry type="Teleporter" X="146251" Y="88636" name="ND 500 Raceway"/>
		<entry type="Teleporter" X="144717" Y="87887" name="ND 500 Raceway Market"/>
		<entry type="Teleporter" X="145160" Y="86863" name="ND Cove Hunting Ground South"/>
		<entry type="Teleporter" X="143740" Y="87376" name="ND Suites - Champions"/>
		<entry type="Teleporter" X="143919" Y="87220" name="ND Suites - Ibiza"/>
		<entry type="Teleporter" X="143541" Y="87054" name="ND Suites - Malibu"/>
		<entry type="Teleporter" X="143528" Y="87546" name="ND Suites - Samoan Princess"/>
		<entry type="Teleporter" X="143426" Y="87247" name="ND Suites - South Beach"/>
		<entry type="Teleporter" X="143868" Y="86929" name="ND Suites - Venice"/>
		<entry type="Teleporter" X="138043" Y="83951" name="Neophyte Village"/>
		<entry type="Teleporter" X="136227" Y="91131" name="Old Abandoned Post"/>
		<entry type="Teleporter" X="145611" Y="87276" name="Omens Ridge"/>
		<entry type="Teleporter" X="146235" Y="87948" name="Omens Ridge East"/>
		<entry type="Teleporter" X="145499" Y="87612" name="Omens Ridge West"/>
		<entry type="Teleporter" X="137712" Y="85159" name="Pearl Cove" Height="114"/>
		<entry type="Teleporter" X="137823" Y="83275" name="Papoo Villiage" Height="112"/>
		<entry type="Teleporter" X="140043" Y="86716" name="Ravers Beach"/>
		<entry type="Teleporter" X="136532" Y="86598" name="Rutile Beach"/>
		<entry type="Teleporter" X="145579" Y="88876" name="Sacred Grounds"/>
		<entry type="Teleporter" X="128880" Y="89261" name="Salvation Outpost"/>
		<entry type="Teleporter" X="144219" Y="84908" name="Samoan Spa Suites"/>
		<entry type="Teleporter" X="128000" Y="86646" name="Serpentine Village"/>
		<entry type="Teleporter" X="127647" Y="88419" name="Sherman Outpost"/>
		<entry type="Teleporter" X="143035" Y="83116" name="Surfers Paradise"/>
		<entry type="Teleporter" X="133517" Y="93875" name="Sypherton Gardens"/>
		<entry type="Teleporter" X="135382" Y="88562" name="Tanzanite View"/>
		<entry type="Teleporter" X="137425" Y="83340" name="The Pit" Height="112"/>
		<entry type="Teleporter" X="145877" Y="83454" name="VS Nightclub"/>
		<entry type="Teleporter" X="132926" Y="91602" name="Vulcans Pass"/>
		<entry type="Teleporter" X="132350" Y="95631" name="Warrior Peak"/>
		<entry type="Teleporter" X="134967" Y="96212" name="Xrager Island"/>
		<entry type="Teleporter" X="136178" Y="87224" name="Orpheus' Cave">
			<notes><![CDATA[This teleporter will only relocate you to Orpheus' Cave in Ancient Greece for the fee of three Time Travel Crystals.]]></notes>
		</entry>
		
		<entry type="Yellow Papoo" shape="circle" X="136977" Y="84085" radius="150" name="Yellow Papoo Wave Spawn"/>
		<entry type="Brown Papoo" shape="circle" X="136128" Y="84843" radius="150" name="Brown Papoo Wave Spawn"/>
		<entry type="Red Papoo" shape="circle" X="136222" Y="84006" radius="150" name="Red Papoo Wave Spawn"/>
		<entry type="Grey Papoo" shape="circle" X="136879" Y="83461" radius="150" name="Grey Papoo Wave Spawn">
			<notes><![CDATA[Grey Papoo drop Obsidian Crystals required for "Armor of Heroes" mission.]]></notes>
		</entry>
		<entry type="Village Boar" data="143749,85608:144331,85608:144331,84922:144237,84837:144146,84868:144120,84837:143862,84846:143835,84872:143757,84890:1">
		<notes><![CDATA[These Village Boars count towards "Sebastian's Find" quest, and drop Celestite Stones required for "Displacement Readings" mission.]]></notes>
		</entry>
		<entry type="Wild Boar"  Levels="5-10" Maturities="Young-Provider" data="125703,92786:124807,92732:124232,93160:124607,93441:124633,93655:124620,93976:124901,93989:125075,94912:125262,94778:125703,94805:1">
				<notes><![CDATA[These Wild Boars drop Celestite Stones and Citrine Crystals required for "Displacement Readings" mission.]]></notes>
		</entry>
		<entry type="Petit Brown Papoo" data="146032,87187:146551,87187:146551,86613:146032,86613:1">
		<notes><![CDATA[Petit Brown Papoo drop Chrlorite Crystals required for "Armor of Heroes" mission.]]></notes>
		</entry>
		<entry type="Petit Yellow Papoo" data="146032,87187:146551,87187:146551,86613:146032,86613:1"/>
		<entry type="Petit Red Papoo" data="146032,87187:146551,87187:146551,86613:146032,86613:1"/>
		<entry type="Petit Grey Papoo" data="146032,87187:146551,87187:146551,86613:146032,86613:1">
			<notes><![CDATA[Petit Grey Papoo drop Obsidian Crystals required for "Armor of Heroes" mission.]]></notes>
		</entry>
		<entry type="Petit Brown Papoo" X="136066" Y="88643" shape="circle" radius="494">
			<notes><![CDATA[Petit Brown Papoo drop Chrlorite Crystals required for "Armor of Heroes" mission.]]></notes>
		</entry>
		<entry type="Petit Brown Papoo" X="137693" Y="88282" shape="circle" radius="866">
			<notes><![CDATA[Petit Brown Papoo drop Chrlorite Crystals required for "Armor of Heroes" mission.]]></notes>
		</entry>
		<entry type="Petit Brown Papoo" X="134740" Y="87107" shape="circle" radius="486">
			<notes><![CDATA[Petit Brown Papoo drop Chrlorite Crystals required for "Armor of Heroes" mission.]]></notes>
		</entry>
	

	</continent>
	
</entries>

