<?xml version="1.0" encoding="utf-8"?>

<entries title="TP,Rev,LA">

	<continent name="Rocktropia">

		<entry type="Revival point" X="134782" Y="93380"/>
		<entry type="Revival point" X="131971" Y="91458"/>
		<entry type="Revival point" X="125923" Y="86067"/>
		<entry type="Revival point" X="128487" Y="96546"/>
		<entry type="Revival point" X="136192" Y="84884"/>
		<entry type="Revival point" X="136051" Y="93102"/>
		<entry type="Revival point" X="136449" Y="95655"/>
		<entry type="Revival point" X="134002" Y="95592"/>
		<entry type="Revival point" X="136344" Y="93098"/>
		<entry type="Revival point" X="137266" Y="93170"/>
		<entry type="Revival point" X="136908" Y="85439"/>
		<entry type="Revival point" X="135378" Y="88205"/>
		<entry type="Revival point" X="132839" Y="91146"/>
		<entry type="Revival point" X="132739" Y="90850"/>
		<entry type="Revival point" X="135472" Y="83936"/>
		<entry type="Revival point" X="133361" Y="93016"/>
		<entry type="Revival point" X="128334" Y="93718"/>
		<entry type="Revival point" X="127095" Y="94858"/>
		<entry type="Revival point" X="135305" Y="88127"/>
		<entry type="Revival point" X="136167" Y="85033"/>
		<entry type="Revival point" X="135519" Y="91176"/>
		<entry type="Revival point" X="135451" Y="91216"/>
		<entry type="Revival point" X="135464" Y="91144"/>
		<entry type="Revival point" X="135451" Y="91155"/>
		<entry type="Revival point" X="135508" Y="91142"/>
		<entry type="Revival point" X="135428" Y="91175"/>
		<entry type="Revival point" X="135519" Y="91220"/>
		<entry type="Revival point" X="135513" Y="91231"/>
		<entry type="Revival point" X="135497" Y="91232"/>
		<entry type="Revival point" X="133347" Y="96510"/>
		<entry type="Revival point" X="133952" Y="92048"/>
		<entry type="Revival point" X="127204" Y="94161"/>
		<entry type="Revival point" X="134593" Y="85829"/>
		<entry type="Revival point" X="136830" Y="83494"/>
		<entry type="Revival point" X="133155" Y="83467"/>
		<entry type="Revival point" X="138618" Y="84401"/>
		<entry type="Revival point" X="139040" Y="85657"/>
		<entry type="Revival point" X="132584" Y="88139"/>
		<entry type="Revival point" X="138490" Y="85231"/>
		<entry type="Revival point" X="138278" Y="85837"/>
		<entry type="Revival point" X="138157" Y="86920"/>
		<entry type="Revival point" X="138698" Y="87064"/>
		<entry type="Revival point" X="137484" Y="88718"/>
		<entry type="Revival point" X="134088" Y="88749"/>
		<entry type="Revival point" X="133340" Y="88463"/>
		<entry type="Revival point" X="132712" Y="87109"/>
		<entry type="Revival point" X="132354" Y="85324"/>
		<entry type="Revival point" X="135339" Y="82389"/>
		<entry type="Revival point" X="126646" Y="96651" name="Fort Freedom Revival Terminal"/>
		<entry type="Revival point" X="127708" Y="92955" name="Stadium Entrance"/>
		
		<entry type="Teleporter" X="139063" Y="85711" name="Argo Beach"/>
		<entry type="Teleporter" X="129751" Y="86625" name="Asanbosam Mountain"/>
		<entry type="Teleporter" X="130000" Y="86270" name="Asanbosam Mountain Basecamp"/>
		<entry type="Teleporter" X="136315" Y="93076" name="B.A.M.F HeadQuarters"/>
		<entry type="Teleporter" X="136086" Y="93101" name="BAMF HQ"/>
		<entry type="Teleporter" X="136860" Y="94963" name="BioBome Badlands"/>
		<entry type="Teleporter" X="136732" Y="94432" name="Biodome"/>
		<entry type="Teleporter" X="134077" Y="88690" name="Bondabee Beach"/>
		<entry type="Teleporter" X="134388" Y="94241" name="Canary Pond"/>
		<entry type="Teleporter" X="135428" Y="94032" name="Central Park"/>
		<entry type="Teleporter" X="134908" Y="94420" name="Central Tennis Courts"/>
		<entry type="Teleporter" X="136230" Y="84842" name="City of Dreams"/>
		<entry type="Teleporter" X="136082" Y="84845" name="CND Lagoon"/>
		<entry type="Teleporter" X="133401" Y="93021" name="Digital Abduction Outpost"/>
		<entry type="Teleporter" X="131950" Y="91450" name="Docklands"/>
		<entry type="Teleporter" X="132700" Y="90864" name="Docklands Container Yard"/>
		<entry type="Teleporter" X="128218" Y="96882" name="Endit Ridge"/>
		<entry type="Teleporter" X="133932" Y="93740" name="Fleshers Corner"/>
		<entry type="Teleporter" X="133993" Y="92368" name="Fleshers Gauntlet"/>
		<entry type="Teleporter" X="135531" Y="88204" name="Harbor Drag Strip"/>
		<entry type="Teleporter" X="135480" Y="94688" name="Industrial Way"/>
		<entry type="Teleporter" X="135544" Y="95111" name="Industrial Way Intersection"/>
		<entry type="Teleporter" X="137169" Y="92020" name="Infected Land Fill"/>
		<entry type="Teleporter" X="127846" Y="96429" name="Lemmy's Bridge"/>
		<entry type="Teleporter" X="130129" Y="97359" name="Lemmy's Castle"/>
		<entry type="Teleporter" X="137193" Y="94334" name="Logan Street"/>
		<entry type="Teleporter" X="133139" Y="83464" name="London Blockade"/>
		<entry type="Teleporter" X="129738" Y="83900" name="Low Land Salts (East)"/>
		<entry type="Teleporter" X="127771" Y="84221" name="Low Land Salts (West)"/>
		<entry type="Teleporter" X="137696" Y="93333" name="Lower East Side"/>
		<entry type="Teleporter" X="129189" Y="96324" name="Lower Rampart"/>
		<entry type="Teleporter" X="134350" Y="93133" name="Lower West Side"/>
		<entry type="Teleporter" X="134795" Y="93356" name="Lower West Side Bunker"/>
		<entry type="Teleporter" X="136068" Y="92558" name="M.F Stream"/>
		<entry type="Teleporter" X="128959" Y="97119" name="Mid Rampart"/>
		<entry type="Teleporter" X="136847" Y="83509" name="Mulholland Way"/>
		<entry type="Teleporter" X="135463" Y="87845" name="New Harlem Express Way"/>
		<entry type="Teleporter" X="135412" Y="91180" name="No Way Out Maximum Security Prison"/>
		<entry type="Teleporter" X="135371" Y="88116" name="Noobs Noobs Noobs"/>
		<entry type="Teleporter" X="133297" Y="96532" name="Nuclear Blast Bomb Shelter"/>
		<entry type="Teleporter" X="129780" Y="96894" name="Outer Rampart"/>
		<entry type="Teleporter" X="124984" Y="86544" name="Piran Basecamp"/>
		<entry type="Teleporter" X="124064" Y="86672" name="Piran Peak"/>
		<entry type="Teleporter" X="132585" Y="88167" name="Rickabam Ridge"/>
		<entry type="Teleporter" X="134591" Y="85840" name="Ring of Fire Hunting Lodge"/>
		<entry type="Teleporter" X="136075" Y="85740" name="ROCKtropia Sign"/>
		<entry type="Teleporter" X="135639" Y="87968" name="RRC Subway Race Circuit"/>
		<entry type="Teleporter" X="126260" Y="85475" name="Sebastians View"/>
		<entry type="Teleporter" X="128875" Y="96103" name="Security Outpost 1"/>
		<entry type="Teleporter" X="126076" Y="94592" name="Skull Creek"/>
		<entry type="Teleporter" X="128568" Y="96700" name="Skull Market"/>
		<entry type="Teleporter" X="128076" Y="96656" name="Skull Moat"/>
		<entry type="Teleporter" X="128487" Y="96519" name="Skull Village"/>
		<entry type="Teleporter" X="135297" Y="82439" name="Snapper Beach"/>
		<entry type="Teleporter" X="127081" Y="91258" name="Stadium Acoustic Stage"/>
		<entry type="Teleporter" X="127707" Y="92983" name="Stadium Entrance"/>
		<entry type="Teleporter" X="125803" Y="91440" name="Stadium Main Stage"/>
		<entry type="Teleporter" X="128208" Y="93152" name="Stadium Parking"/>
		<entry type="Teleporter" X="125571" Y="92795" name="Stadium Small Stage"/>
		<entry type="Teleporter" X="135467" Y="83899" name="Studio Gate South"/>
		<entry type="Teleporter" X="137112" Y="84724" name="Studio Street"/>
		<entry type="Teleporter" X="134414" Y="83669" name="Tangerine"/>
		<entry type="Teleporter" X="136055" Y="88211" name="The Chelsea"/>
		<entry type="Teleporter" X="135277" Y="88167" name="The HYPERPLEX"/>
		<entry type="Teleporter" X="136370" Y="95751" name="Upper East Side"/>
		<entry type="Teleporter" X="129540" Y="96682" name="Upper Rampart"/>
		<entry type="Teleporter" X="133966" Y="95495" name="Upper West Side"/>
		<entry type="Teleporter" X="126166" Y="86184" name="VampireFreaks Cathedral"/>
		<entry type="Teleporter" X="125923" Y="86033" name="VampireFreaks Cathedral Back Garden"/>
		<entry type="Teleporter" X="136928" Y="85442" name="Wet Wolf Creek"/>
		<entry type="Teleporter" X="127416" Y="85760" name="Whistlers Creek"/>
		<entry type="Teleporter" X="128032" Y="94928" name="White Line Depot"/>
		
	</continent>
	
</entries>

