<?xml version="1.0" encoding="utf-8"?>

<entries title="includes Stave Petty's data">

	<continent name="Space">

		<entry type="Revival point" X="77725" Y="58550" name="Arkadia Space Station" Height="-78"/>
		<entry type="Teleporter" X="77750" Y="58575" name="Arkadia Space Station" Height="-78">
			<notes><![CDATA[This one-way resque teleporter will only relocate you from the space station down onto the planet's surface for a 7&nbsp;PED fee. ]]></notes>	
		</entry>
		<entry type="Revival point" X="78475" Y="69725" name="Athena Space Station" Height="-2537"/>
		<entry type="Revival point" X="58832" Y="65964" name="Calypso Space Station" Height="-77"/>
		<entry type="Teleporter" X="58832" Y="65964" name="Calypso Space Station" Height="-77">
			<notes><![CDATA[This one-way resque teleporter will only relocate you from the space station down onto the planet's surface for a 7&nbsp;PED fee. ]]></notes>	
		</entry>
		<entry type="Revival point" X="56976" Y="64636" name="Crystal Palace Space Station" Height="521"/>
		<entry type="Revival point" X="68775" Y="69725" name="Erebos Space Station" Height="-479"/>
		<entry type="Revival point" X="58672" Y="63660" name="Asteroid F.O.M.A Fortuna" Height="-76"/>
		<entry type="Revival point" X="63150" Y="77575" name="Hephaestus Space Station" Height="-409"/>
		<entry type="Revival point" X="87725" Y="61200" name="Hermes Space Station" Height="-494"/>
		<entry type="Revival point" X="79225" Y="79225" name="Howling Mine" Height="713"/>
		<entry type="Revival point" X="88725" Y="69525" name="Next Island Space Station" Height="-81"/>
		<entry type="Teleporter" X="88750" Y="69550" name="Next Island Space Station" Height="-81">
			<notes><![CDATA[This one-way resque teleporter will only relocate you from the space station down onto the planet's surface for a 7&nbsp;PED fee. ]]></notes>	
		</entry>
		<entry type="Revival point" X="87725" Y="77575" name="Nyx Space Station" Height="-477"/>
		<entry type="Revival point" X="69550" Y="80525" name="Rocktropia Space Station" Height="-31"/>
		<entry type="Teleporter" X="69575" Y="80550" name="Rocktropia Space Station" Height="-31">
			<notes><![CDATA[This one-way resque teleporter will only relocate you from the space station down onto the planet's surface for a 7&nbsp;PED fee. ]]></notes>	
		</entry>
		<entry type="Revival point" X="68775" Y="63575" name="Zeus Space Station" Height="-465"/>
		
		<!-- SPACE MOBS, POI, PVP  -->
		<entry type="PVP / Toxic zone" data="61909,78002:62917,78002:62917,76992:61909,76992:1" name="Sayah Space" Height="-409"/>
			<entry type="Cosmic horror" X="62409" Y="77484" Height="-409" shape="circle" radius="370" Levels="Unknown" Maturities="Young-Provider"/>
		<entry type="PVP / Toxic zone" data="69170,79634:70189,79634:70189,78624:69170,78624:1" name="Rocktropia training grounds" Height="-769"/>
			<entry type="Cosmic horror" X="69674" Y="79134" Height="-769" shape="circle" radius="370" Levels="Unknown" Maturities="Young-Old"/>
		<entry type="PVP / Toxic zone" data="77588,79702:78593,79702:78593,78692:77588,78692:1" name="Rackham's Nest" Height="-769"/>
			<entry type="Cosmic horror" X="78083" Y="79192" Height="-769" shape="circle" radius="370" Levels="Unknown" Maturities="Young-Old Alpha"/>
		<entry type="PVP / Toxic zone" data="85381,79225:87358,79225:87358,77218:85381,77218:1" Height="64" name="Barton's Corridor"/>
		
		<entry type="Place of interest" name="Asteroid belt" X="56579" Y="69513" Height="-77" shape="circle" color="0xff9900"/>
		<entry type="Place of interest" name="Mysterious spinning satellite" X="59028" Y="68582" Height="-313"/>
		<entry type="PVP / Toxic zone" data="59311,70024:60315,70024:60315,69029:59311,69029:1" Height="-323" name="Calypso training grounds"/>
			<entry type="Cosmic horror" X="59788" Y="69528" Height="-323" shape="circle" radius="370" Levels="Unknown" Maturities="Young-Old"/>
		<entry type="PVP / Toxic zone" data="69331,70014:70351,70014:70351,69001:69331,69001:1" Height="-750" name="Graveyard Fields"/>
			<entry type="Cosmic horror" X="69805" Y="69530" Height="-750" shape="circle" radius="370" Levels="Unknown" Maturities="Provider-Dominant"/>
		<entry type="Place of interest" name="Green Dwarf" X="70023" Y="69407" Height="-750" shape="star" color="0x00ffcc"/>
		<entry type="Place of interest" name="Huge asteroid" X="70101" Y="70667" Height="2290" shape="circle" color="0xff9900"/>
		<entry type="PVP / Toxic zone" data="69858,71247:70862,71247:70862,70243:69858,70243:1" Height="2290" name="Void Of Tears"/>
			<entry type="Cosmic horror" X="70353" Y="70695" Height="2290" shape="circle" radius="370" Levels="Unknown" Maturities="Guarian-Dominant"/>	
		<entry type="Place of interest" name="Asteroid belt" X="78405" Y="70947" Height="538" shape="circle" color="0xff9900"/>
		<entry type="PVP / Toxic zone" data="77365,71553:78848,71553:78848,70534:77365,70534:1" Height="538" name="Welmik Expanse"/>
			<entry type="Cosmic horror" X="78126" Y="71036" Height="538" shape="circle" radius="370" Levels="Unknown" Maturities="Alpha-Dominant"/>
		<entry type="PVP / Toxic zone" data="78225,69431:79220,69431:79220,68413:78225,68413:1" Height="-2222" name="New Berand"/>
			<entry type="Cosmic horror" X="78703" Y="68930" Height="-2222" shape="circle" radius="370" Levels="Unknown" Maturities="Young-Provider"/>		
		<entry type="PVP / Toxic zone" data="87081,70201:88087,70201:88087,69195:87081,69195:1" name="Next Island training grounds" Height="135"/>
			<entry type="Cosmic horror" X="87611" Y="69683" Height="135" shape="circle" radius="370" Levels="Unknown" Maturities="Young-Old"/>		
		
		<entry type="PVP / Toxic zone" data="55835,64192:56840,64192:56840,63187:55835,63187:1" name="Crystal Palace hunting grounds" Height="315"/>
			<entry type="Cosmic horror" X="56340" Y="63677" Height="315" shape="circle" radius="370" Levels="Unknown" Maturities="Young-Old"/>			
		<entry type="Place of interest" name="Asteroid" X="59032" Y="62519" Height="199" shape="circle" color="0xff9900"/>
		<entry type="PVP / Toxic zone" data="61552,62103:62563,62103:62563,61085:61552,61085:1" Height="-343" name="F.O.M.A. hunting zone"/>
			<entry type="Cosmic horror" X="62039" Y="61586" Height="-343" shape="circle" radius="370" Levels="Unknown" Maturities="Young-Old"/>		
		<entry type="PVP / Toxic zone" data="70111,64715:71631,64715:71631,62685:70111,62685:1" name="Gordon' Belt" Height="-494"/>
			<entry type="Cosmic horror" X="70864" Y="63628" Height="-494" shape="circle" radius="370" Levels="Unknown" Maturities="Dominant-Guardian"/>			
		<entry type="Place of interest" name="Yellow Dwarf" X="69839" Y="64083" Height="-490" shape="star" color="0xffff00"/>		
		<entry type="Place of interest" name="Asteroid belt" X="70086" Y="64024" Height="-494" shape="circle" color="0xff9900"/>
		<entry type="PVP / Toxic zone" data="77264,59985:78275,59985:78275,58947:77264,58947:1" Height="-329" name="Arkadia training grounds"/>
			<entry type="Cosmic horror" X="77779" Y="59443" Height="-329" shape="circle" radius="370" Levels="Unknown" Maturities="Young-Old"/>		
		<entry type="PVP / Toxic zone" data="86172,62825:87167,62825:87167,61796:86172,61796:1" name="Eschenbach's Gate" Height="-650"/>
			<entry type="Cosmic horror" X="86663" Y="62282" Height="-650" shape="circle" radius="370" Levels="Unknown" Maturities="Young-Provider"/>	
			
		<entry type="Cosmic horror" X="81969" Y="73764" Height="-3566" shape="circle" radius="370" Levels="L43-L54" Maturities="Guardian-Prowler"/>	
		
	</continent>
	
</entries>

